id,Gender,Age,Annual_Income,Total_Spend,Years_as_Customer,Num_of_Purchases,Average_Transaction_Amount,Num_of_Returns,Satisfaction,Last_Purchase_Days_Ago,Target_Churn,Email_Opt_In,Promotion_Response
1,Male,34,45.15,5892.58,5,22,453.8,2,3,129,1,1,Responded
10,Female,52,169.59,9803.57,17,34,481.18,6,2,171,0,1,Unsubscribed
100,Male,41,117.21,3681.83,14,87,309.19,2,2,147,0,0,Ignored
1000,Male,47,134.86,3956.71,15,48,420.91,6,1,269,1,1,Ignored
101,Male,32,136.2,3878.23,9,43,110.51,5,3,353,1,1,Responded
102,Female,47,82.07,9478.35,8,23,125.7,8,1,82,1,0,Ignored
103,Female,59,38.2,2714.84,12,82,41.71,8,1,266,0,1,Ignored
104,Female,34,77.31,4777.05,9,68,338.17,5,4,95,1,0,Ignored
105,Female,22,50.27,8132.66,9,20,105.31,0,4,261,1,1,Unsubscribed
106,Female,46,120.1,8174.61,19,47,431.93,4,5,173,1,0,Unsubscribed
107,Female,21,77.25,7528.4,6,30,381.68,8,2,162,1,0,Ignored
108,Female,27,192.45,2949.55,7,69,55.55,2,4,144,0,1,Unsubscribed
109,Female,34,193.83,5000.22,6,85,283.26,9,5,255,0,0,Ignored
11,Male,23,138.9,4283.84,15,33,96.55,9,2,92,0,1,Responded
110,Male,27,131.62,1943.49,12,31,212.13,5,3,195,1,1,Responded
111,Female,34,131.15,1965.16,16,45,391.58,0,2,169,0,0,Responded
112,Male,37,197.37,4414.83,13,80,334.47,9,2,145,0,0,Responded
113,Female,41,179.71,7412.06,5,34,48.3,4,4,78,0,1,Responded
114,Female,22,157.71,5313.18,4,5,491.01,3,2,150,0,0,Responded
115,Male,51,76.45,8878.16,19,84,135.89,7,5,332,0,0,Ignored
116,Female,23,85.8,8326,18,38,135.22,2,2,82,1,1,Ignored
117,Male,19,56.23,412.89,13,53,159.35,2,1,112,1,1,Responded
118,Female,30,107.69,5727.35,13,65,488.27,0,5,58,0,0,Ignored
119,Female,60,198.27,6130.7,1,18,403.85,0,5,38,0,1,Responded
12,Male,35,47.43,3333.69,4,10,212.58,0,2,213,1,0,Responded
120,Male,60,184.19,9619.59,1,18,52.17,8,2,203,0,0,Unsubscribed
121,Female,28,41.3,330.04,7,40,214.81,6,2,362,0,1,Ignored
122,Male,64,24.53,5357.93,4,19,429.09,2,4,259,1,1,Responded
123,Female,40,181.75,2127.34,10,6,181.12,5,1,121,0,0,Responded
124,Male,33,116.69,631.26,9,99,152.79,1,4,216,0,1,Ignored
125,Male,48,56.03,5916.14,4,4,323.31,7,2,199,0,1,Responded
126,Female,28,141.26,7748.78,11,59,190.16,9,1,21,0,0,Ignored
127,Female,33,135.96,7771.17,13,1,89.19,4,3,21,1,1,Unsubscribed
128,Male,25,41.98,399.86,9,36,246.8,0,4,190,1,0,Ignored
129,Female,21,66.73,4128.77,7,26,407.73,3,2,359,0,1,Ignored
13,Male,22,199.29,8234.55,1,60,160.58,2,5,276,0,0,Ignored
130,Female,57,30.81,540.65,8,85,423.82,5,5,50,0,0,Unsubscribed
131,Female,21,57.77,2553.6,19,94,311.67,6,5,326,0,0,Unsubscribed
132,Male,42,43.82,2009.52,16,66,499.57,5,2,337,0,1,Unsubscribed
133,Male,20,54.78,2230.31,5,15,492.49,5,3,245,1,0,Responded
134,Male,49,143.38,3457.27,12,45,126.96,1,3,179,1,0,Unsubscribed
135,Male,20,28.91,2846.44,12,5,387.75,0,1,208,1,1,Ignored
136,Male,44,38.33,9626.57,13,71,100.11,7,5,296,0,0,Responded
137,Male,46,44.15,3588.83,1,18,211.59,3,3,274,1,0,Responded
138,Male,49,76.98,8952.31,6,94,14.88,3,4,352,1,1,Unsubscribed
139,Male,36,73.78,1892.31,7,62,108.7,1,3,27,0,0,Unsubscribed
14,Male,64,38.04,5524.28,12,4,259.81,5,2,212,1,0,Ignored
140,Male,38,65.91,7661.09,14,57,119.57,4,4,30,1,0,Unsubscribed
141,Female,22,155.1,707.32,6,2,494,8,5,140,0,0,Responded
142,Male,35,199.64,4681.34,19,17,30.41,5,4,231,0,0,Unsubscribed
143,Female,45,116.12,154.55,13,67,473.47,8,2,322,1,1,Unsubscribed
144,Female,59,189.96,8121.88,15,79,420.71,6,4,303,1,1,Unsubscribed
145,Female,39,91.39,9509.81,4,50,21.01,7,2,254,0,0,Unsubscribed
146,Male,38,39.2,447.56,10,25,77,5,3,236,1,0,Unsubscribed
147,Male,23,93.58,9345.08,6,70,318.22,0,2,49,1,0,Responded
148,Male,18,73.3,7761.15,2,22,181.89,4,5,120,0,0,Responded
149,Male,22,108.81,3652.73,2,9,177.27,3,5,231,1,1,Ignored
15,Female,42,176.08,6855.03,17,64,222.85,6,1,125,1,0,Ignored
150,Female,58,138.27,9097.88,1,73,351.27,8,4,52,0,1,Ignored
151,Male,29,102.99,3032.95,16,34,497.43,5,5,4,0,0,Ignored
152,Male,43,188.33,4152.02,11,70,173.03,6,1,338,1,1,Responded
153,Male,63,179.26,1057.44,13,97,462.29,5,4,319,1,1,Unsubscribed
154,Male,51,146.36,6603.7,14,1,366.94,5,1,5,0,0,Unsubscribed
155,Male,31,108.14,393.05,4,44,425.02,0,5,82,1,1,Unsubscribed
156,Female,43,43.7,4900.56,11,7,259.33,0,3,227,1,1,Ignored
157,Male,62,91.46,6863.6,10,15,271.31,7,3,196,0,0,Responded
158,Female,44,146.79,8230.25,6,38,277.77,7,5,50,0,1,Ignored
159,Male,26,71.28,1584.42,14,93,286.92,8,3,114,0,0,Ignored
16,Male,19,72.97,8076.45,9,63,466.61,5,3,304,0,0,Unsubscribed
160,Female,43,38.72,7565.49,9,81,80.78,2,3,148,1,1,Ignored
161,Male,64,183.42,7218.86,18,54,111.45,1,5,303,1,0,Unsubscribed
162,Male,39,147.63,5639.75,14,30,85.33,7,5,339,0,1,Unsubscribed
163,Female,64,130.75,5887.98,4,83,103.58,6,1,296,0,0,Unsubscribed
164,Female,47,162.65,1003.58,1,94,335.83,0,2,331,1,1,Ignored
165,Female,60,170.42,6044.66,15,4,111.19,0,1,126,1,0,Ignored
166,Male,34,107.02,3877.07,15,75,440.41,6,4,222,1,1,Responded
167,Female,43,178.61,8689.05,7,42,68.54,5,4,201,0,1,Unsubscribed
168,Male,53,184.96,3199.68,16,40,494.48,5,3,127,1,1,Ignored
169,Male,18,68.88,5808.29,6,97,10.7,7,4,99,1,0,Responded
17,Female,27,98.36,6747.13,10,9,414.8,7,2,274,1,1,Responded
170,Female,25,129.36,4323.06,1,33,423.5,0,3,188,1,1,Ignored
171,Female,52,114.79,8774.99,8,29,10.98,0,5,214,0,1,Ignored
172,Male,32,116.83,2613.78,8,15,394.88,5,2,239,1,1,Ignored
173,Male,64,188.78,880.14,18,96,366.55,5,5,6,0,0,Responded
174,Female,39,74.93,7511.69,1,99,350.32,1,5,69,0,1,Responded
175,Female,31,197.02,4187.68,16,63,181.93,5,5,37,0,0,Responded
176,Female,43,182.38,5932.07,12,62,317.27,1,3,125,1,1,Unsubscribed
177,Male,45,102.57,361.25,12,68,303.71,5,3,40,0,0,Responded
178,Male,40,167.14,9525.89,19,14,372.37,9,2,119,0,0,Unsubscribed
179,Male,31,158.43,8788.42,12,19,357.91,7,5,86,1,1,Ignored
18,Female,47,163.18,4281.83,3,29,294.39,7,3,197,0,1,Unsubscribed
180,Male,41,142.02,6276.29,7,82,131.63,4,2,250,1,0,Unsubscribed
181,Male,19,77.57,268.6,8,62,357.7,7,3,165,1,1,Responded
182,Male,62,55.36,3841.97,4,35,163.11,2,5,175,0,1,Unsubscribed
183,Female,43,140.87,9790.09,6,99,198.9,0,2,205,1,0,Responded
184,Male,31,171.74,6845.17,18,84,151.01,3,4,206,1,1,Ignored
185,Male,24,22.93,1693.78,1,69,372.21,8,5,196,1,0,Responded
186,Male,20,135.7,4659.91,12,76,418.99,2,4,174,0,1,Responded
187,Female,64,99.72,9670.7,2,22,131.84,2,4,41,0,0,Unsubscribed
188,Male,40,181.66,5393.61,19,4,261.9,0,1,106,0,0,Responded
189,Male,63,77.87,343.68,15,35,355.75,3,5,185,0,1,Responded
19,Female,62,141.95,1335.48,15,14,173.58,7,4,4,0,0,Responded
190,Female,60,105.35,6235.74,19,84,414.02,0,2,287,1,1,Unsubscribed
191,Male,64,112.66,2785.04,10,91,366.36,7,2,338,1,1,Unsubscribed
192,Male,62,45.28,1078.57,7,73,58.6,3,2,348,0,1,Responded
193,Male,35,148.32,4088.79,5,79,345.2,7,4,324,0,1,Responded
194,Male,55,169.49,5629.38,12,36,453.65,1,5,283,0,1,Unsubscribed
195,Male,52,30.42,268.7,18,77,226.57,5,1,43,0,1,Ignored
196,Female,32,72.45,5634.56,1,82,373.88,5,3,204,0,0,Unsubscribed
197,Female,42,26.85,5160.91,12,88,481.34,7,1,122,0,0,Unsubscribed
198,Female,54,192.18,7959.69,19,82,350.04,0,2,148,0,0,Responded
199,Male,45,140.09,4293.14,9,97,151.97,3,1,342,0,1,Unsubscribed
2,Female,26,79.51,9025.47,13,77,22.9,2,3,227,0,0,Responded
20,Male,22,188.82,5844.46,11,88,378.05,8,5,57,1,1,Unsubscribed
200,Male,27,193.56,5579.16,3,50,231.52,3,4,101,0,0,Unsubscribed
201,Male,56,115.67,7445.89,19,12,239.67,6,2,53,1,1,Ignored
202,Female,34,164.37,8981.74,7,67,426.03,0,1,234,0,1,Responded
203,Male,56,87.39,3862.34,15,23,484.45,1,1,242,1,0,Responded
204,Male,39,83.69,6056.17,12,69,300.67,7,3,237,0,1,Ignored
205,Female,43,88.09,6976.65,2,42,47.69,6,2,232,0,1,Unsubscribed
206,Male,61,138.42,528.38,14,43,475.28,8,3,110,0,0,Ignored
207,Female,42,84.7,8027.53,14,16,497.07,7,2,222,0,1,Unsubscribed
208,Female,34,182.07,3836.56,2,60,203.83,2,3,338,1,0,Unsubscribed
209,Female,30,196.99,6735.37,11,61,414.66,6,1,14,0,1,Ignored
21,Female,50,131.81,8984.59,5,72,298.9,1,2,323,1,1,Responded
210,Male,37,25.48,4769.47,14,82,222.6,1,4,191,0,0,Responded
211,Male,42,54.85,7053.16,15,78,350.78,8,3,322,0,1,Responded
212,Male,21,40.2,7270.88,1,96,30.52,4,2,119,0,1,Unsubscribed
213,Male,27,27.63,1996.55,12,4,446.44,9,5,278,1,1,Responded
214,Male,20,60.99,6655.52,8,46,31.95,5,5,76,0,1,Ignored
215,Male,58,100.42,8528.1,4,26,117.83,8,3,341,0,1,Ignored
216,Male,62,170.66,2432.12,15,52,288.2,2,1,202,0,0,Ignored
217,Female,35,59.93,7606.02,1,29,442.5,9,3,268,0,0,Ignored
218,Male,64,108.91,6374.87,9,83,143.52,1,4,136,1,1,Ignored
219,Female,53,187.33,9555.75,4,96,53.77,3,2,157,1,0,Responded
22,Male,18,37.61,4247.04,10,13,89.61,0,1,199,0,0,Responded
220,Male,64,140.1,2676.44,12,24,406.69,1,5,144,0,0,Unsubscribed
221,Male,39,163.65,1627.35,2,11,186.06,3,2,358,1,0,Ignored
222,Male,51,119.18,3190,7,14,374.37,8,2,348,1,1,Unsubscribed
223,Female,64,196.48,2653.79,15,78,104.27,8,3,150,1,0,Unsubscribed
224,Female,25,125.96,7592.64,5,14,124.1,7,1,282,1,1,Ignored
225,Female,57,28.19,7357.78,11,84,183.49,9,2,217,0,1,Unsubscribed
226,Female,61,55.64,6729.88,4,66,394.48,4,1,202,1,0,Responded
227,Male,36,92.86,2242.15,16,4,469.79,7,4,74,0,0,Unsubscribed
228,Female,59,128.23,8631.89,7,13,395.73,1,4,252,1,1,Unsubscribed
229,Male,58,158.95,9570.06,12,9,13.81,3,1,130,0,0,Ignored
23,Female,35,179.18,9116.18,14,3,162.9,8,2,193,1,1,Responded
230,Male,54,94.36,5362.9,3,11,406.14,0,3,349,0,0,Responded
231,Female,23,147.81,6528.79,4,7,321.85,0,3,121,0,1,Ignored
232,Female,43,162.18,5056.85,18,53,401.28,3,3,232,0,0,Ignored
233,Female,51,77.11,2907.22,11,32,290.44,8,5,293,1,1,Responded
234,Female,62,196.27,2932.86,1,44,24.04,3,4,221,1,0,Ignored
235,Female,23,136.94,3202.86,7,96,403.53,1,4,44,0,1,Unsubscribed
236,Female,54,178.58,1989.42,2,22,47.42,4,2,196,1,0,Responded
237,Female,50,120.07,9029.04,15,14,180.64,9,1,10,1,0,Responded
238,Female,39,153.49,8598.14,4,72,274.89,6,5,164,1,1,Ignored
239,Male,38,158.7,4670.23,18,46,150.08,6,5,7,0,0,Responded
24,Female,49,158.45,5084.93,12,78,288.48,2,2,323,1,0,Unsubscribed
240,Female,23,183.48,3735.79,8,29,382.26,6,2,231,1,0,Ignored
241,Female,23,47.06,9396.88,15,83,487.32,1,1,82,1,0,Unsubscribed
242,Male,21,120.49,2301.5,12,30,236.66,1,3,86,1,1,Ignored
243,Female,47,97.11,5580.07,14,62,476.85,8,2,126,0,0,Ignored
244,Male,28,186.17,639.53,1,27,459.35,7,3,204,1,1,Responded
245,Male,47,38.92,1992.9,1,51,410.95,0,3,297,1,1,Responded
246,Female,48,196.86,6079.87,19,16,366.16,6,3,264,0,1,Ignored
247,Male,41,177.58,6655.62,18,47,19.81,6,3,28,1,1,Unsubscribed
248,Male,26,33.29,5851.86,10,66,451.79,3,4,298,0,1,Ignored
249,Male,20,108.37,8709.05,6,52,290.57,3,2,320,1,1,Unsubscribed
25,Female,64,148.14,6246.33,9,24,352.98,7,4,119,1,1,Unsubscribed
250,Male,48,149.16,9934.71,13,26,74.47,8,5,347,0,1,Ignored
251,Female,57,152.87,7662.23,18,19,348.79,2,1,203,1,1,Responded
252,Male,54,183.17,4704.41,4,40,143.23,8,4,229,1,1,Unsubscribed
253,Female,53,163.98,8355.95,4,49,348.95,1,2,294,0,0,Ignored
254,Male,41,75.97,1291.84,3,46,49.41,3,3,97,1,0,Unsubscribed
255,Male,48,109.72,6864.38,6,23,487.78,4,4,6,1,1,Unsubscribed
256,Male,23,146.32,5231.54,7,28,42.6,4,1,253,0,1,Ignored
257,Male,19,44.92,1862.85,9,76,435.18,3,3,314,0,0,Unsubscribed
258,Female,37,54.92,9732.04,1,45,164.79,3,2,202,1,1,Ignored
259,Female,45,106.59,3450.53,13,39,153.62,3,4,347,1,1,Ignored
26,Female,28,29.67,8346.59,6,60,167.05,5,1,35,0,1,Unsubscribed
260,Male,28,73.68,6192.69,7,1,203.54,4,3,44,1,1,Unsubscribed
261,Male,21,175.26,8798.08,8,10,388.55,7,4,295,0,0,Ignored
262,Female,32,125.53,5116.22,10,23,107.88,9,3,89,1,1,Responded
263,Male,23,82.76,1239.86,7,70,229.07,3,3,133,1,0,Unsubscribed
264,Male,47,172.79,8205.52,6,24,249.51,2,3,75,0,1,Responded
265,Male,55,164.88,3596.82,5,71,454.69,1,4,218,1,0,Responded
266,Female,19,199.7,9832.36,8,87,281.88,2,5,125,0,0,Responded
267,Female,32,172.52,8849.87,16,88,322.94,3,1,310,1,0,Responded
268,Female,28,94.6,8549.15,4,66,448.1,9,4,176,0,0,Responded
269,Male,25,42.95,3626.91,8,56,173.34,2,2,28,0,0,Responded
27,Female,38,91.32,5689.51,9,74,456.01,2,2,352,1,1,Unsubscribed
270,Male,43,171.32,7595.58,9,56,45.4,6,1,90,0,0,Ignored
271,Female,62,30.76,9864.66,19,27,396.37,5,1,28,1,0,Ignored
272,Female,61,83.05,5310.58,15,32,381.78,7,3,131,1,0,Unsubscribed
273,Female,22,185.55,4760.25,8,20,168.91,6,2,319,0,1,Responded
274,Female,23,192.94,245.19,3,62,474.5,7,4,364,1,0,Ignored
275,Male,43,135.3,7032.02,3,26,418.51,1,3,2,0,0,Responded
276,Female,21,143.96,8598.93,17,72,11.38,9,2,265,0,0,Unsubscribed
277,Male,36,27.64,2549.83,14,12,61.78,2,2,360,0,1,Ignored
278,Female,37,112.61,3218.74,14,58,237.63,3,1,57,1,1,Ignored
279,Male,50,118.44,5056.7,2,56,456.05,8,2,311,0,1,Ignored
28,Female,43,50.14,1000.6,3,80,210.02,8,1,317,0,0,Unsubscribed
280,Female,37,81.22,813.59,14,18,96.37,1,5,61,1,0,Responded
281,Female,29,32.35,987.46,11,55,337.79,7,2,314,1,0,Responded
282,Female,64,61.2,4269,14,1,435.33,2,5,22,1,0,Ignored
283,Female,18,84.44,2686.07,7,12,465.64,2,3,130,0,0,Responded
284,Male,43,98.33,4119.77,19,37,331.47,7,4,62,1,0,Unsubscribed
285,Female,31,126.37,4598.42,8,78,182.89,8,4,5,1,1,Ignored
286,Male,55,150.03,9765.11,14,9,188.27,0,5,274,1,1,Ignored
287,Male,54,77.17,9448.17,4,64,383.5,3,1,132,1,1,Responded
288,Male,28,79.21,1483.33,11,11,436.71,9,4,287,0,1,Responded
289,Male,53,23.54,8837.6,4,90,481.32,6,2,173,0,1,Unsubscribed
29,Female,42,167.94,9811.7,13,12,83.09,9,5,128,1,0,Ignored
290,Female,30,27.36,894.05,6,10,382.03,6,4,307,0,1,Ignored
291,Male,60,66.41,5125.59,6,85,283.81,7,3,88,1,1,Unsubscribed
292,Male,20,153.24,1722.71,2,5,457.4,4,2,81,1,0,Unsubscribed
293,Male,50,133.1,3722.33,19,60,471.97,9,3,128,1,1,Ignored
294,Female,23,158.56,7459.07,1,40,239.12,4,4,346,0,1,Unsubscribed
295,Female,27,158.41,4302.6,13,81,474.71,3,1,92,1,1,Ignored
296,Female,22,174.18,8088.82,14,83,305.59,8,2,16,0,1,Responded
297,Female,40,149.66,7216.28,3,79,210.42,7,3,25,0,0,Ignored
298,Male,27,196.22,9434.11,19,88,442.58,9,5,258,1,0,Responded
299,Male,61,181.79,5388.14,17,53,215.65,2,3,181,1,1,Responded
3,Male,50,29.19,618.83,13,71,50.53,5,2,283,1,0,Responded
30,Female,39,146.1,2533.91,7,10,114.05,6,1,31,0,0,Unsubscribed
300,Female,19,125.61,8041.26,4,49,186.57,8,5,267,1,1,Responded
301,Male,30,125.87,3296.78,13,31,411.17,9,5,330,0,0,Unsubscribed
302,Male,57,26.17,3522.88,9,4,487.78,1,1,330,0,1,Unsubscribed
303,Male,19,199.73,4065.05,4,11,334.83,2,5,130,0,1,Responded
304,Female,37,43.68,4168.07,10,33,168.63,5,2,75,0,1,Unsubscribed
305,Female,18,153.26,1122.21,13,22,419.47,3,4,42,0,1,Unsubscribed
306,Male,54,167.78,5239.08,18,42,457.81,1,3,107,1,1,Ignored
307,Female,26,87.15,1058.35,12,98,83.04,6,2,30,1,1,Ignored
308,Female,34,55.43,8908.65,16,19,161.62,1,5,77,1,1,Responded
309,Female,26,37.78,712.26,1,98,312.37,8,2,193,0,0,Ignored
31,Male,44,178.95,7134,17,63,107.41,7,4,274,1,0,Ignored
310,Female,28,154.75,4551.97,14,52,172.97,5,2,350,1,0,Responded
311,Female,32,101.48,2918.47,7,77,312.85,9,1,67,0,0,Unsubscribed
312,Male,41,148.47,1633.21,5,64,415.34,3,5,70,1,0,Unsubscribed
313,Female,55,184.77,7859.98,2,53,77.86,3,2,17,0,0,Responded
314,Male,52,46.39,7177.83,4,67,315.85,7,3,15,1,1,Unsubscribed
315,Male,47,185.45,1544.88,10,90,335.05,6,1,11,0,0,Ignored
316,Female,48,94.09,6364.38,15,95,438.16,4,2,133,1,0,Ignored
317,Male,22,74.95,7946.3,19,52,359.32,5,3,7,0,1,Responded
318,Male,61,189.75,7755.99,15,93,396.61,5,3,109,1,1,Ignored
319,Male,31,198.32,1013.57,19,42,91.1,2,5,152,0,1,Ignored
32,Male,30,193.98,5100.62,18,66,124.56,5,1,325,1,1,Responded
320,Female,28,55.8,6886.58,10,18,74.91,3,2,86,1,0,Unsubscribed
321,Female,26,138.23,7188.64,3,15,453.21,8,5,261,1,1,Responded
322,Male,51,39.17,8635.45,11,60,91.1,5,3,56,1,1,Responded
323,Female,29,137.16,5129.64,18,61,191.48,9,2,105,0,0,Unsubscribed
324,Female,52,168.92,4664.83,2,14,397.18,3,5,258,1,1,Responded
325,Female,52,143.21,9654.65,18,98,39.62,4,5,206,0,0,Unsubscribed
326,Female,18,95.12,7985.47,15,23,264.81,9,4,172,1,0,Responded
327,Male,57,88.95,5631.44,16,62,277.49,6,1,42,1,1,Responded
328,Male,39,90.76,3373.11,19,89,11.99,2,3,351,0,1,Responded
329,Female,46,126.15,8467.86,19,31,202.64,8,3,105,1,1,Unsubscribed
33,Female,50,159.45,4839.85,4,91,198,1,1,193,1,0,Ignored
330,Female,25,178.68,4608.82,12,11,454.51,5,5,78,1,1,Unsubscribed
331,Male,28,187.23,1017.58,6,4,218.86,5,3,348,0,0,Unsubscribed
332,Male,58,29.64,4603.55,12,32,457.61,8,3,40,0,1,Ignored
333,Female,54,52.69,8732.49,7,33,164.72,9,2,263,0,0,Responded
334,Male,31,40.2,4537.99,10,14,257.61,9,4,297,1,1,Ignored
335,Female,47,54.8,242.06,12,50,423.09,8,2,18,0,1,Ignored
336,Female,52,82.39,6153.7,16,40,490.91,7,2,131,1,0,Responded
337,Male,38,111.18,9958.72,13,1,382,1,3,107,1,1,Unsubscribed
338,Male,54,133.3,8190.76,13,25,178.39,9,3,196,1,0,Responded
339,Female,22,151.79,6210.66,14,85,163.83,6,3,253,0,0,Ignored
34,Female,51,198.96,2515.01,5,12,237.82,5,5,253,1,1,Unsubscribed
340,Female,36,180.22,9152.55,6,44,37.97,8,2,126,1,1,Unsubscribed
341,Male,31,198.04,8154.46,19,91,109.43,7,2,43,0,0,Responded
342,Female,43,139.31,5036.53,10,92,382.27,8,4,217,1,0,Responded
343,Male,21,172.17,5953.08,9,88,213.27,5,5,125,0,0,Responded
344,Female,42,160.05,7339.8,9,91,86.7,7,2,334,0,0,Responded
345,Male,62,75.36,8479.62,9,74,155.82,0,3,4,1,0,Unsubscribed
346,Male,59,177.62,675.95,1,98,298.51,8,2,83,0,1,Unsubscribed
347,Male,42,27.7,7770.56,1,91,478.73,8,1,342,0,1,Unsubscribed
348,Female,35,20.07,4530.28,13,42,480.12,3,2,232,1,0,Unsubscribed
349,Female,57,69.27,6641.91,19,32,65.88,2,2,102,1,1,Unsubscribed
35,Female,58,130.66,7249.29,11,96,275.72,4,5,196,1,0,Responded
350,Male,25,103.18,7669.87,16,41,125.77,5,1,188,0,1,Unsubscribed
351,Female,56,134.91,5441.07,13,96,303.47,7,4,280,1,1,Ignored
352,Male,57,38.32,1669.3,18,9,456.91,7,2,335,0,1,Ignored
353,Male,31,141.14,4154.32,10,50,490.93,6,1,82,0,0,Unsubscribed
354,Female,49,164.33,861.04,14,37,366.29,0,1,89,0,1,Unsubscribed
355,Female,55,53.36,6924.08,3,82,211.7,3,1,355,1,1,Unsubscribed
356,Male,50,94.72,9541.69,1,95,437.67,2,4,15,1,1,Ignored
357,Female,40,113.6,7973,10,2,215.47,9,1,133,0,1,Unsubscribed
358,Female,32,101.33,3958.89,7,59,336.76,4,5,121,1,1,Unsubscribed
359,Male,50,163.97,5884.49,4,30,249.92,5,3,31,1,1,Ignored
36,Male,52,26.68,1216.6,18,49,469.63,2,3,188,1,0,Unsubscribed
360,Male,42,192.89,3111.59,7,81,391.94,9,5,93,1,1,Unsubscribed
361,Female,34,163.81,5456.35,2,85,370.44,1,2,182,1,1,Responded
362,Male,50,34.04,3077.2,2,9,201.44,9,4,227,1,0,Ignored
363,Male,64,164.89,7409.42,6,37,59.4,1,4,338,0,0,Ignored
364,Female,19,31.99,2667.48,2,94,476.37,0,4,290,1,0,Ignored
365,Male,31,62.47,9643.8,2,60,460.12,4,2,35,0,1,Ignored
366,Male,57,47.56,6653.29,4,16,99.12,4,1,186,1,0,Ignored
367,Female,57,55.55,780.9,6,14,109.62,0,2,150,0,0,Ignored
368,Female,56,115.1,206.7,19,26,395.98,2,1,82,0,0,Ignored
369,Male,23,140.9,9970.76,2,81,395.51,3,1,15,0,0,Ignored
37,Female,18,22.57,9905.49,19,59,289.28,2,1,102,1,0,Responded
370,Male,23,104.66,2283.01,4,51,483.09,0,5,353,0,1,Ignored
371,Female,20,192.75,3194.37,14,12,498.82,8,1,236,1,0,Unsubscribed
372,Female,24,63.25,2163.3,3,47,254.2,2,2,25,1,1,Responded
373,Female,25,157.37,9288.21,16,3,480.58,8,1,353,0,1,Responded
374,Female,59,176.63,6554.93,12,34,409.83,8,2,256,1,1,Responded
375,Male,32,121.17,5093.42,2,93,380.62,5,4,255,0,1,Unsubscribed
376,Female,64,102.12,5620.74,10,91,189.32,9,5,261,0,1,Responded
377,Female,46,127.31,3246.94,10,42,426.69,2,1,257,0,0,Ignored
378,Male,50,97.19,6180.33,12,2,460.36,6,4,81,1,1,Unsubscribed
379,Female,47,119.93,4254.04,17,27,369.66,0,4,291,0,0,Unsubscribed
38,Male,38,81.58,8469.2,5,76,98.03,2,2,216,0,1,Ignored
380,Male,56,95.05,2072.36,10,73,326.78,4,2,338,1,1,Ignored
381,Female,44,92.08,6600.39,1,84,323.8,6,4,100,1,0,Unsubscribed
382,Female,53,145.16,3801.02,5,28,86.28,5,4,122,1,1,Ignored
383,Female,46,36.71,7872.16,12,23,117.76,7,1,73,0,0,Ignored
384,Male,55,49.98,4212.41,4,90,122.18,6,3,94,0,0,Unsubscribed
385,Male,50,173.22,5131.89,13,89,89.71,8,1,28,1,0,Unsubscribed
386,Female,54,158.79,7895.92,3,85,244.22,1,3,74,1,0,Ignored
387,Male,44,70.66,4533.99,1,37,42.79,0,4,182,1,1,Responded
388,Male,50,87.91,9665.59,5,25,150.84,9,3,166,1,1,Ignored
389,Male,21,186.68,7950.98,11,31,405.64,8,4,182,1,0,Ignored
39,Male,23,168.22,5391.64,16,2,233.12,6,5,260,0,1,Unsubscribed
390,Male,39,167.25,8281.66,4,13,463.17,4,1,53,1,0,Ignored
391,Male,19,130.58,9543.81,12,53,434.05,4,2,150,0,0,Unsubscribed
392,Male,27,59.87,3949.62,10,57,165.41,5,3,150,0,1,Responded
393,Female,22,27.97,5842.79,6,93,269.36,4,5,173,0,0,Unsubscribed
394,Female,27,97.63,6966.56,2,69,467.5,1,2,300,1,1,Responded
395,Male,50,141.07,6767.24,4,66,287.67,3,3,164,1,1,Responded
396,Female,55,169.13,9534.07,11,70,135.06,5,4,361,1,1,Unsubscribed
397,Female,30,173.48,2954.65,17,45,345.45,3,4,29,1,0,Responded
398,Female,48,25.9,2984.48,2,86,320.2,7,4,89,1,0,Unsubscribed
399,Female,64,63.95,9188.24,4,25,50.02,8,4,133,1,1,Responded
4,Male,37,79.63,9110.3,3,33,411.83,5,5,226,1,1,Ignored
40,Male,45,175.9,4303.07,18,73,92.72,1,5,360,0,1,Responded
400,Male,53,81.04,8013.13,14,9,387.38,9,4,66,0,1,Ignored
401,Female,62,53.97,2113.23,5,31,54.19,1,1,282,1,1,Unsubscribed
402,Female,41,164.54,5743.46,9,33,317.99,1,3,25,1,0,Ignored
403,Male,32,158.14,7483.06,6,86,348.35,2,2,165,1,1,Ignored
404,Male,46,113.03,3595.06,11,68,300.67,2,3,339,0,0,Unsubscribed
405,Female,25,196.93,4400.38,1,58,192.9,7,3,299,0,1,Unsubscribed
406,Female,22,45.93,5796.43,4,85,306.82,9,1,16,1,0,Unsubscribed
407,Female,46,181.94,4724.37,9,82,280.77,5,1,41,0,0,Unsubscribed
408,Female,64,40.96,7555.12,14,18,301.65,6,4,360,1,1,Unsubscribed
409,Female,21,49.37,158.79,1,76,406.78,0,4,1,0,1,Unsubscribed
41,Male,34,192.95,2936,14,26,456.43,3,4,263,0,1,Unsubscribed
410,Female,29,145.32,4402.86,11,19,414.73,8,3,141,0,0,Responded
411,Male,62,39.72,3442.06,6,36,380.8,9,1,258,0,0,Unsubscribed
412,Female,19,121.85,6130.72,9,59,246.33,5,2,49,0,1,Unsubscribed
413,Female,44,95.64,7781.99,14,86,183.99,4,3,189,1,1,Responded
414,Male,48,151.13,853.84,3,44,440.36,5,1,204,1,1,Ignored
415,Male,53,182.12,1664.79,1,64,439.61,2,3,126,1,1,Unsubscribed
416,Male,53,158.58,6684.31,13,99,408.68,6,1,76,1,0,Ignored
417,Male,43,172.94,7410.18,8,98,443.33,5,3,236,0,1,Responded
418,Female,60,25.93,5923.2,17,74,203.68,6,2,195,1,1,Ignored
419,Female,44,75.84,9829.75,16,28,271.88,6,1,213,0,0,Ignored
42,Male,22,31.72,5065.76,17,31,92.5,9,1,202,1,1,Responded
420,Female,22,112.78,5044.67,18,88,289.25,1,5,154,0,1,Unsubscribed
421,Female,37,94.87,1449.29,1,64,361.78,2,4,293,0,0,Ignored
422,Female,28,61.63,6894.28,1,52,393.26,3,1,257,1,1,Responded
423,Female,27,75.42,6060.55,12,60,285.47,2,3,227,0,0,Ignored
424,Male,57,190.18,5945.17,11,37,452.34,5,4,337,1,0,Unsubscribed
425,Female,55,72.95,5503.95,7,49,120.08,9,3,345,1,1,Unsubscribed
426,Male,23,83.7,9397.05,19,98,210.25,2,1,185,1,0,Ignored
427,Male,25,20.67,1378.65,2,12,38.07,9,3,24,1,1,Responded
428,Female,40,172.11,824.65,6,73,491.14,2,1,342,0,1,Unsubscribed
429,Male,64,47.87,1625.76,18,94,402.65,3,1,174,0,0,Responded
43,Female,48,28.02,8806.23,9,34,309.17,6,1,273,0,0,Responded
430,Female,43,56.75,2525.4,11,34,70.53,0,4,145,1,1,Unsubscribed
431,Male,63,65.95,5970.17,13,48,173.63,0,1,60,0,1,Ignored
432,Female,60,179.23,6163.01,10,15,271.82,9,2,70,1,1,Responded
433,Male,29,57.16,2402.76,18,95,155.33,5,5,13,1,1,Unsubscribed
434,Female,43,163.55,4943.33,4,32,67.77,7,2,259,0,1,Responded
435,Female,30,165.45,4872.41,9,88,303.37,3,1,172,0,1,Responded
436,Female,57,186.86,4585.8,3,64,119.58,9,5,50,0,1,Responded
437,Female,35,40.8,8055.1,11,44,320.13,9,3,99,1,1,Ignored
438,Female,42,59.11,4769.76,7,22,348.52,0,3,64,1,0,Ignored
439,Male,50,153.72,7607.82,1,3,408.91,5,2,249,1,0,Ignored
44,Female,22,184.39,2822.56,14,88,293.2,7,1,121,1,0,Ignored
440,Male,64,55.28,1748.16,5,27,228.83,4,4,163,0,1,Responded
441,Male,57,71.54,5366.48,5,10,352.17,1,5,288,1,1,Ignored
442,Female,60,50.01,8258.64,13,2,27.22,0,5,56,0,1,Unsubscribed
443,Male,29,51.09,1859.39,1,57,319.16,0,4,84,1,0,Ignored
444,Female,61,106.68,4702.73,4,68,222.93,0,3,295,1,0,Responded
445,Female,53,39.74,6129.89,8,82,406.44,4,1,187,0,1,Unsubscribed
446,Male,21,77.91,1929.27,18,2,494.07,9,3,313,1,0,Unsubscribed
447,Male,22,96.79,7591.98,12,31,153.29,4,1,64,1,0,Unsubscribed
448,Female,54,24.42,882.06,3,35,448.28,0,3,88,1,1,Responded
449,Male,25,89.9,9469.51,13,98,61.94,8,5,74,1,1,Responded
45,Female,55,74.91,5055.32,12,21,315.34,8,4,276,1,0,Unsubscribed
450,Female,59,36.94,4735.39,17,48,231.67,7,5,63,1,0,Responded
451,Female,45,108.84,3427.62,3,49,350.69,1,1,151,0,0,Ignored
452,Female,48,168.63,1256.39,13,11,432.93,8,3,339,0,0,Responded
453,Female,26,167.32,4382.71,10,7,118.39,9,1,304,1,0,Unsubscribed
454,Female,46,34.48,6632.06,4,6,251.39,6,1,306,1,1,Responded
455,Male,31,128.22,1035.42,1,43,488.2,4,3,315,0,1,Unsubscribed
456,Male,57,170.23,3132.06,14,71,371.26,8,1,354,0,0,Responded
457,Female,58,62.84,8376.57,6,39,203.06,9,1,120,0,0,Unsubscribed
458,Female,39,157.15,6497.19,19,6,253.8,6,3,239,1,1,Unsubscribed
459,Male,28,180.34,2143.09,4,61,460.63,4,2,338,1,0,Unsubscribed
46,Female,20,120.44,2422.04,3,50,38.72,3,2,84,1,0,Ignored
460,Male,40,165.1,1693.01,11,31,248.53,7,2,349,0,0,Unsubscribed
461,Female,18,39.31,9054.4,13,60,38.46,0,4,62,1,0,Ignored
462,Male,63,21.63,2941.5,10,9,110.3,4,2,206,0,1,Ignored
463,Female,54,54.51,1877.05,17,64,11.84,3,3,154,0,0,Ignored
464,Male,38,68.69,9999.64,7,82,245.31,4,1,35,0,0,Responded
465,Female,43,130.91,3161,13,87,486.97,9,3,14,0,0,Unsubscribed
466,Male,63,89.17,1334.93,16,4,403.21,9,5,219,1,0,Responded
467,Female,53,146.61,4671.4,7,16,30.23,6,3,34,1,1,Unsubscribed
468,Male,40,83.55,4400.02,18,95,466.12,1,2,338,0,1,Unsubscribed
469,Male,18,47.8,9275.34,7,7,64.55,3,4,185,1,1,Ignored
47,Female,40,196.84,3437.78,18,9,151.77,1,2,277,0,1,Responded
470,Female,57,76.28,1428.63,6,94,21.27,2,1,242,1,0,Ignored
471,Male,32,179.18,1002.25,13,23,113.68,8,1,182,0,0,Responded
472,Female,38,192.54,1020.49,3,11,255.08,5,2,241,0,1,Responded
473,Male,64,57.35,9052.45,1,29,48.1,0,4,53,1,0,Ignored
474,Female,26,161.92,4548.75,18,8,392.86,6,5,363,1,0,Unsubscribed
475,Male,26,69.2,1591,11,92,18.57,7,4,101,1,1,Unsubscribed
476,Female,27,179.68,5978.92,1,84,116.9,8,4,327,1,1,Responded
477,Male,43,49.8,5422.47,5,3,303.22,2,2,209,1,0,Responded
478,Female,58,139.87,2064.23,9,72,211.18,8,4,158,0,1,Responded
479,Male,52,35.16,6070.08,19,77,235.6,6,1,143,0,1,Ignored
48,Male,54,92.08,1983.58,7,65,183.3,8,2,234,0,0,Responded
480,Female,42,195.3,3468.29,14,52,338.29,4,4,292,1,1,Responded
481,Female,43,146.11,2459.87,8,20,186.22,8,2,226,1,0,Unsubscribed
482,Female,28,171.53,5152.97,9,95,127.92,5,4,10,1,1,Unsubscribed
483,Male,55,122,2987.33,17,31,459.93,9,4,94,1,0,Ignored
484,Female,19,105.82,2299.19,11,28,179.14,4,1,323,1,0,Unsubscribed
485,Male,24,131.94,8809.25,16,16,244.23,7,1,79,0,1,Unsubscribed
486,Female,35,115.17,1642.05,17,48,411.78,0,2,136,0,0,Unsubscribed
487,Male,44,104.49,2877.84,2,24,320.07,4,3,258,0,0,Responded
488,Female,51,156.7,3922.77,3,59,314.01,8,1,235,0,1,Unsubscribed
489,Male,44,52.08,2809.02,17,95,323.02,1,2,238,0,1,Unsubscribed
49,Female,54,139.86,9906.34,3,35,462.35,3,3,322,1,1,Responded
490,Male,34,50.81,2186.04,12,84,407.08,1,4,203,0,1,Unsubscribed
491,Female,60,97.73,7734.35,16,9,267.67,7,1,143,0,1,Ignored
492,Male,61,77.73,3357.26,16,14,47.17,9,5,341,1,0,Unsubscribed
493,Male,41,33.34,1213.88,6,39,336.1,8,2,93,0,1,Responded
494,Female,42,172,5454.86,3,39,90.85,7,5,177,1,0,Unsubscribed
495,Male,24,158.89,1342.34,13,3,416.07,5,1,230,1,0,Unsubscribed
496,Male,23,117.91,3639.44,13,43,86.71,5,5,363,1,1,Responded
497,Male,41,196.28,8830.08,15,52,478.66,9,3,327,0,1,Ignored
498,Female,50,33.07,3754.7,2,69,358.07,4,1,237,1,0,Unsubscribed
499,Male,46,158,6361.84,12,39,139.06,8,4,117,0,0,Ignored
5,Male,30,77.66,5390.88,15,43,101.19,3,5,242,0,0,Unsubscribed
50,Female,27,92.16,5757.82,12,31,308.21,7,4,287,1,0,Unsubscribed
500,Female,60,67.95,5194.79,15,70,111.66,1,2,112,0,1,Unsubscribed
501,Male,39,86.35,1463.48,15,60,440.35,7,5,332,1,0,Unsubscribed
502,Male,43,59.47,6525.79,12,64,122.99,1,3,279,1,1,Ignored
503,Male,45,162.03,8574.75,7,54,211.81,9,5,23,0,0,Responded
504,Female,38,45.96,1022.8,3,63,235.56,5,1,23,1,0,Ignored
505,Male,24,171.2,7561.43,10,34,70.94,1,5,114,0,0,Unsubscribed
506,Male,34,139.08,6933.09,11,89,370.38,3,2,355,0,0,Ignored
507,Female,37,30.62,8679.94,18,93,62.76,0,5,144,0,0,Unsubscribed
508,Male,58,165.98,1130.51,7,86,428.63,2,5,254,0,0,Unsubscribed
509,Female,37,133,3126.38,7,45,270.56,7,4,157,1,1,Ignored
51,Male,27,158.28,7354.87,15,85,405.83,5,4,352,0,1,Responded
510,Female,39,182.9,6973.49,12,15,312.18,9,3,153,1,1,Unsubscribed
511,Male,45,154.77,317.98,17,69,416.14,4,5,311,1,0,Ignored
512,Female,57,121,7367.35,14,82,174.76,9,4,332,1,1,Responded
513,Male,24,170.58,8593.99,15,80,482.92,1,5,298,1,1,Unsubscribed
514,Female,18,70.05,4587.71,8,26,309.78,2,5,264,1,0,Responded
515,Female,49,118.45,4399.87,17,64,70.88,3,3,38,1,1,Ignored
516,Male,30,72.85,2856.84,7,37,151.01,6,5,349,1,0,Unsubscribed
517,Female,47,194.28,150.01,9,13,253.17,8,3,264,0,1,Responded
518,Female,40,60.72,1944.4,16,39,345.53,5,5,182,0,1,Ignored
519,Female,36,22.83,9800.65,3,60,109.06,6,3,129,1,1,Unsubscribed
52,Female,36,114.99,1072.67,9,38,253.05,4,3,168,1,0,Ignored
520,Female,49,78.65,8686.13,11,94,219.21,1,5,236,1,0,Ignored
521,Female,47,110.45,2738.4,10,31,62.76,0,3,358,1,1,Ignored
522,Male,46,25.11,9641.11,11,99,98.47,0,1,221,1,1,Unsubscribed
523,Female,62,120.66,3740.35,9,84,381.48,1,5,127,1,0,Ignored
524,Male,46,177.37,3046.1,11,84,308.59,5,4,158,1,1,Responded
525,Female,47,146.85,1612.8,11,32,231.6,7,5,69,1,0,Ignored
526,Male,33,132.13,9025.95,18,76,13.5,7,5,10,1,1,Unsubscribed
527,Male,57,192.07,9871.23,4,8,42.4,0,4,136,0,1,Ignored
528,Female,36,192.49,3341.37,5,70,384.15,4,5,339,0,1,Unsubscribed
529,Female,35,168.37,7063.96,5,78,55.98,4,1,95,0,1,Responded
53,Male,34,62.75,3724.56,18,23,204.68,6,1,86,0,1,Ignored
530,Female,18,129.39,3419.5,18,63,387.81,3,4,334,1,0,Ignored
531,Male,31,107.8,1139.41,18,99,364.84,8,4,110,0,0,Unsubscribed
532,Female,64,22.4,3987.65,16,47,261.73,7,3,256,0,1,Unsubscribed
533,Male,19,129.13,5560.54,9,33,185.85,7,3,360,0,0,Responded
534,Male,45,198.04,1317.87,2,33,451.11,4,4,35,0,0,Ignored
535,Male,47,167.26,8200.9,16,29,96.53,2,4,112,1,1,Responded
536,Female,55,81.31,5023.89,10,13,428.96,2,5,106,0,1,Ignored
537,Female,21,47.37,2420.39,12,94,384.1,2,1,174,1,1,Unsubscribed
538,Male,18,161.13,5968.32,17,75,337.19,4,3,236,1,1,Unsubscribed
539,Male,25,153.91,7953.27,16,56,471.76,1,2,217,0,1,Unsubscribed
54,Female,38,68.84,8937.13,8,62,246.96,4,2,110,1,0,Unsubscribed
540,Female,46,194.07,3343.48,17,74,498.1,2,5,144,1,0,Unsubscribed
541,Male,56,177.47,7044.62,17,50,396.73,4,5,336,0,0,Ignored
542,Female,20,120.02,4335.81,3,20,122.1,4,1,342,0,0,Unsubscribed
543,Male,49,38.23,9644.11,9,87,345.63,2,3,56,1,1,Responded
544,Female,27,107.03,7732.31,2,24,206.19,7,2,151,0,0,Responded
545,Male,27,76.47,3627.87,17,31,69.95,3,3,147,0,0,Ignored
546,Female,36,112.23,275.7,15,61,425.9,2,3,11,1,1,Ignored
547,Male,63,74.31,6609.45,9,53,174.02,1,1,256,0,0,Ignored
548,Female,51,175.13,2058.93,2,14,482.58,7,5,347,0,1,Responded
549,Female,50,171.98,1306.6,15,32,407.45,0,1,27,0,0,Responded
55,Male,31,66.45,935.94,10,43,395.71,3,5,37,0,0,Responded
550,Male,40,76.78,9324.59,14,59,402.03,4,3,329,1,1,Unsubscribed
551,Male,45,127.92,9999.49,1,17,415.19,4,2,9,1,0,Responded
552,Female,49,97.43,2771.9,13,19,209.98,9,5,163,1,1,Ignored
553,Male,24,183.64,3087.51,9,2,50.28,5,1,349,1,1,Responded
554,Female,46,53.72,1733.39,1,16,497.57,4,4,167,0,1,Responded
555,Male,25,145.59,4631.08,1,33,482.43,9,2,128,0,1,Responded
556,Female,18,194.67,8671.85,11,79,239.17,3,4,361,0,1,Ignored
557,Female,20,51.55,7044.91,12,74,415.96,2,3,357,0,0,Unsubscribed
558,Female,41,56.35,8478.68,5,7,243.91,1,2,27,1,0,Unsubscribed
559,Female,40,144.87,2361.97,19,68,463.81,5,2,143,0,1,Responded
56,Female,26,115.82,1738.28,12,49,54.59,5,2,130,0,1,Responded
560,Female,25,160.25,7331.52,18,71,206.03,3,5,316,0,0,Unsubscribed
561,Female,64,108.3,9193.41,7,80,440.54,5,3,161,1,0,Ignored
562,Male,54,129.74,2886.02,19,94,16.34,7,1,52,0,1,Unsubscribed
563,Male,20,58.28,6937.47,16,86,177.24,3,2,232,0,1,Responded
564,Male,50,105.79,4066.51,10,52,312.07,8,1,101,1,1,Unsubscribed
565,Female,45,40.17,2973.24,8,75,428.87,5,3,213,1,1,Responded
566,Female,64,77.86,9699.27,3,59,53.46,7,3,186,1,0,Ignored
567,Female,25,71.26,3551.47,1,78,46.59,8,4,4,1,1,Unsubscribed
568,Female,51,100.03,1167.71,18,92,396.06,3,1,125,0,0,Ignored
569,Male,52,187.42,3947.03,7,27,287.39,9,1,288,1,1,Ignored
57,Female,63,146.57,6291.63,5,87,477.3,7,4,4,1,1,Responded
570,Male,49,52.63,4532.02,13,27,74.64,5,5,143,0,1,Unsubscribed
571,Female,41,92.25,7546.89,15,69,243.92,5,3,258,1,1,Unsubscribed
572,Male,31,130.81,9504.15,15,60,110.27,4,3,33,1,0,Responded
573,Male,49,190.38,8188.86,8,30,378.18,3,3,247,0,0,Ignored
574,Female,63,43.97,9316.32,10,49,409.65,8,3,114,0,1,Ignored
575,Male,60,185.22,4803.1,8,93,225.91,9,5,140,0,1,Unsubscribed
576,Female,33,34.59,7221.23,14,62,484.25,8,4,306,1,1,Unsubscribed
577,Male,21,106.53,3159.59,2,61,321.34,0,3,323,0,0,Unsubscribed
578,Female,54,101.83,788.91,4,16,137.23,4,2,262,0,1,Responded
579,Female,38,57.73,3718.19,3,92,42.31,2,4,144,0,1,Ignored
58,Male,18,190.87,6265.61,11,21,305.74,2,3,171,0,1,Ignored
580,Female,31,82.54,7009.36,8,41,351.68,5,5,24,1,0,Unsubscribed
581,Female,48,101.75,2818.76,3,33,299.1,9,4,307,1,1,Unsubscribed
582,Male,35,175.74,8627.92,8,46,178.15,2,4,271,1,1,Unsubscribed
583,Female,24,191.91,7928.65,4,15,371.87,5,5,235,1,0,Ignored
584,Female,27,113.41,2021.02,1,69,28.98,1,2,320,1,1,Responded
585,Female,24,176.62,3375.28,5,90,427.62,9,3,149,0,0,Responded
586,Male,50,129.47,8270.5,12,97,103.42,8,2,105,1,1,Responded
587,Female,40,82.84,2514.98,16,13,26.23,8,3,255,1,0,Responded
588,Male,38,54.95,3382.86,10,45,447.04,3,5,52,0,1,Unsubscribed
589,Female,36,94.36,3496.36,7,60,312.78,6,1,21,1,0,Responded
59,Male,62,144.94,8398.45,3,44,101.25,8,3,21,0,0,Unsubscribed
590,Male,36,114.11,8030.32,6,43,70.97,2,5,223,0,1,Unsubscribed
591,Male,53,28,466.6,2,64,317.52,5,4,317,1,0,Unsubscribed
592,Female,46,46.25,830.49,6,53,445.63,8,3,52,1,0,Ignored
593,Male,35,128.03,5826.67,17,14,296.68,2,5,322,1,1,Ignored
594,Female,19,60.5,4031.41,13,53,378.02,5,2,215,0,0,Ignored
595,Female,18,170.72,6365.56,15,51,448.87,0,1,185,0,1,Unsubscribed
596,Female,64,78.85,2737.97,9,51,458.89,7,2,294,0,1,Responded
597,Male,22,38.87,9104.87,12,70,79.83,0,2,277,0,0,Unsubscribed
598,Male,37,35.04,7633.32,15,88,379.8,8,4,251,0,1,Ignored
599,Female,28,188.68,770.69,3,95,430.53,9,3,305,0,0,Unsubscribed
6,Female,45,190.43,255.19,19,85,417.78,5,4,130,0,0,Unsubscribed
60,Male,30,160.61,9361.38,8,8,31.44,5,4,108,1,0,Ignored
600,Female,59,41.24,7860.66,17,93,491.72,2,3,237,1,0,Ignored
601,Male,19,45.36,9698.87,12,55,433.35,4,5,298,0,1,Ignored
602,Female,20,175.28,9430.11,5,86,344.63,1,4,75,0,0,Ignored
603,Female,40,65.77,7381.29,19,84,144.56,0,5,229,0,1,Ignored
604,Female,29,139.87,1323.58,7,89,162.61,1,3,228,1,1,Unsubscribed
605,Male,37,167.01,5803.16,2,48,397.19,9,4,171,1,0,Ignored
606,Male,22,129.29,2913.9,5,88,213.04,9,3,15,1,0,Responded
607,Male,54,192.35,9705.11,8,46,426.4,4,4,287,0,0,Ignored
608,Female,55,147.6,7203.11,8,63,240.74,1,1,176,1,0,Ignored
609,Female,47,40.3,6146.58,17,11,336.2,8,1,193,0,0,Ignored
61,Male,21,50.41,1505.67,8,66,72.76,7,4,86,1,1,Responded
610,Female,26,120.51,6981.37,3,95,478.25,8,3,355,1,0,Responded
611,Male,51,149.27,4435.99,13,97,114.02,9,4,6,0,1,Unsubscribed
612,Female,61,164.35,3790.09,6,86,151.36,2,5,315,0,1,Ignored
613,Female,52,24.74,9364.42,13,55,230.46,1,1,180,1,1,Unsubscribed
614,Female,39,149.4,3386.08,14,95,395.17,6,5,207,0,0,Responded
615,Female,61,168.62,510.22,17,7,411.83,2,1,225,1,0,Unsubscribed
616,Male,41,154.43,4068.32,7,26,411.11,5,3,257,0,0,Ignored
617,Male,34,112.22,7924.37,16,6,170.63,3,5,68,0,0,Responded
618,Female,27,102.44,6519.84,1,56,53.4,1,4,77,0,1,Ignored
619,Male,47,118.9,9625.49,18,96,82.88,7,1,90,0,0,Unsubscribed
62,Male,18,87.33,2667.8,1,46,62.48,3,3,209,0,1,Unsubscribed
620,Male,63,146.84,1151.4,5,48,86.17,9,4,160,0,1,Responded
621,Female,40,186.12,9124.31,14,28,338.83,8,2,260,0,1,Unsubscribed
622,Female,49,131.07,3751.61,1,90,283.56,1,5,236,1,0,Ignored
623,Male,34,179.81,4792.63,14,34,98.7,9,1,328,0,0,Responded
624,Female,34,146.23,4341.97,5,92,230.9,9,4,349,1,1,Ignored
625,Male,31,32.3,1252.88,4,17,259.13,0,3,142,0,0,Unsubscribed
626,Female,26,110.15,2553.18,4,17,391.19,2,2,176,0,1,Unsubscribed
627,Male,57,71.57,7448.49,3,80,295.46,0,2,14,1,0,Unsubscribed
628,Female,19,71.33,327.77,18,95,194.82,0,4,143,1,1,Responded
629,Male,62,84.07,1425.49,13,35,475.21,1,5,219,0,0,Unsubscribed
63,Male,57,94.48,4331.87,5,31,207.3,9,4,251,0,0,Ignored
630,Male,42,76.65,349.58,4,60,256.26,9,3,189,0,0,Ignored
631,Male,56,124.15,8588.14,9,70,432.16,5,4,151,0,1,Unsubscribed
632,Female,26,143.05,6211.52,2,73,226.42,4,4,111,1,1,Unsubscribed
633,Male,39,68.37,1782.29,16,17,17.33,5,4,156,1,0,Responded
634,Male,60,43.36,7710.85,10,52,305.05,4,4,241,0,0,Ignored
635,Female,63,30.59,9671.33,9,93,403.19,9,4,320,0,1,Responded
636,Female,21,123.64,9352.15,11,6,149.09,2,4,29,0,1,Responded
637,Male,43,53.5,9223.32,13,1,356.11,5,3,17,1,0,Responded
638,Male,46,21.66,177.32,13,84,237.1,4,3,54,0,0,Unsubscribed
639,Female,62,187,5931.23,4,24,183.48,6,4,116,0,1,Unsubscribed
64,Male,49,143.55,108.94,11,13,349.08,0,2,65,0,1,Responded
640,Female,51,116.69,2640.66,13,31,39.46,4,3,150,1,0,Unsubscribed
641,Female,40,36.64,5690.01,9,39,184.28,1,1,91,1,1,Responded
642,Female,54,171.73,3248.5,10,41,406.3,9,1,106,0,1,Ignored
643,Female,28,196.98,1621.3,1,99,399.93,8,2,172,0,1,Unsubscribed
644,Male,23,100.75,4500.49,7,82,422.73,6,1,192,1,0,Ignored
645,Female,35,27.65,5001.45,9,16,401.46,6,2,333,1,0,Responded
646,Male,38,41.16,9898.68,5,75,385.69,7,3,63,1,0,Unsubscribed
647,Male,59,88.7,519.64,7,19,418.46,6,4,86,1,0,Responded
648,Male,53,179.39,3081.44,13,28,411.62,0,4,163,1,1,Unsubscribed
649,Female,58,46.65,8533.75,8,52,118.28,4,1,135,1,1,Responded
65,Male,51,73.26,791.16,9,70,132.59,2,3,137,0,1,Unsubscribed
650,Male,55,168.32,6630.99,4,43,356.56,3,3,341,1,1,Ignored
651,Male,51,22.7,8284.16,11,79,498.26,7,5,57,1,1,Ignored
652,Female,34,102.33,6636.88,18,48,81.1,9,4,294,0,1,Unsubscribed
653,Male,54,135.99,7619.41,18,82,370.36,9,3,272,0,1,Ignored
654,Male,42,30.87,4979.93,18,42,461.86,2,4,271,1,1,Ignored
655,Female,55,130.66,2128.29,15,4,329.35,9,1,355,1,0,Unsubscribed
656,Male,29,189.99,8119.04,10,26,177.58,6,5,282,0,1,Responded
657,Male,40,48.85,5721.42,13,89,339.34,0,4,106,0,0,Unsubscribed
658,Male,59,151.33,1481.1,13,96,464.61,2,3,142,1,0,Ignored
659,Female,39,129.64,8068.45,5,88,468.32,6,2,187,0,1,Ignored
66,Female,45,74.59,2342.26,13,57,198.67,8,3,105,0,1,Ignored
660,Female,38,53.32,9590,9,80,434.48,8,4,172,0,0,Responded
661,Female,44,21.12,3527.02,10,22,282.69,7,2,161,1,0,Ignored
662,Male,48,21.67,3005.77,4,61,290.2,1,3,83,1,1,Unsubscribed
663,Male,23,115.78,909.57,2,30,480.14,1,4,335,0,1,Unsubscribed
664,Female,44,189.7,6678.46,7,23,334.54,0,5,295,0,0,Ignored
665,Male,57,135.97,9593.72,14,25,19.91,1,1,319,0,0,Unsubscribed
666,Male,51,148.57,1446.33,13,68,145.74,4,1,169,1,1,Responded
667,Female,29,108.9,4903.08,6,10,201.35,1,3,223,0,1,Unsubscribed
668,Female,62,124.74,1072.56,1,39,248.53,0,5,296,0,1,Responded
669,Male,24,42.75,437.69,8,65,158.8,3,5,1,0,1,Ignored
67,Female,48,84.06,4862.91,7,22,286.46,5,5,261,1,1,Responded
670,Male,27,177.83,6678.56,7,80,115.07,8,1,162,1,0,Unsubscribed
671,Male,62,156.94,8690.1,7,15,358.19,4,2,181,1,1,Unsubscribed
672,Female,34,199.68,3441.95,8,70,92.89,9,3,217,0,0,Responded
673,Female,43,73.59,8770.08,19,82,54.64,1,5,209,1,1,Responded
674,Female,38,60.86,1258.83,18,59,210.92,4,4,265,1,1,Responded
675,Female,45,42.53,2455.81,12,68,407.16,6,3,97,0,0,Unsubscribed
676,Male,63,193.56,9025.91,18,84,382.53,4,1,194,1,1,Ignored
677,Female,19,160.56,5134.25,6,83,125.83,2,4,273,1,1,Ignored
678,Female,60,49.94,6121.1,19,50,140.78,7,3,350,0,0,Responded
679,Female,18,119.48,476.38,18,2,493.7,4,3,264,0,1,Unsubscribed
68,Male,25,165.85,2590.08,3,70,408.6,1,2,4,1,0,Unsubscribed
680,Female,53,94.48,1371.06,10,8,46.4,2,2,94,0,1,Responded
681,Female,43,47.27,652.33,13,9,48.54,5,4,166,1,1,Responded
682,Male,46,49.17,9059.51,18,32,54.42,9,1,130,0,1,Ignored
683,Male,38,193.42,1434.47,5,15,168.65,2,3,177,1,1,Ignored
684,Female,28,74.89,8511.76,1,79,384.28,9,2,313,1,0,Responded
685,Male,57,189.46,3575.24,4,21,446.44,6,1,170,1,0,Unsubscribed
686,Female,28,33.61,8025.92,13,19,466.88,5,4,111,1,1,Responded
687,Female,53,102.94,3713.93,16,36,133.68,8,1,360,1,0,Unsubscribed
688,Male,56,43.33,2750.07,6,45,235.49,8,4,17,1,1,Unsubscribed
689,Male,57,20.86,1027.24,8,32,55.82,7,1,299,0,0,Responded
69,Female,56,123.97,8779.15,12,17,307.76,6,2,323,1,0,Ignored
690,Female,52,119.68,2879,15,66,282.55,8,4,186,1,1,Responded
691,Female,51,40.5,4767.65,6,91,13.2,8,3,126,1,1,Responded
692,Female,64,149.96,8193.34,18,25,235.22,0,4,165,0,1,Unsubscribed
693,Male,41,145.66,4579.9,19,39,490.4,1,1,283,1,0,Responded
694,Female,39,51.74,9717.21,19,42,78.81,9,5,289,0,0,Unsubscribed
695,Female,22,189.51,5462.17,18,96,113.27,9,1,21,1,1,Unsubscribed
696,Female,50,149.79,346.96,2,57,146.05,7,1,171,0,0,Unsubscribed
697,Male,53,73.63,4212.14,11,76,434.73,8,1,190,0,1,Unsubscribed
698,Female,64,147.66,6920.1,18,60,446.1,5,5,138,0,1,Ignored
699,Female,37,151.75,2419.49,10,36,473.19,2,1,275,0,1,Unsubscribed
7,Male,46,172.13,3512.55,3,77,316.18,0,1,61,0,1,Unsubscribed
70,Female,43,33.55,3310.3,13,44,100.75,8,1,259,0,0,Responded
700,Male,36,81.6,7016.44,5,76,131.72,8,1,338,1,0,Responded
701,Female,52,87.61,5086.6,9,48,232.21,8,3,119,1,0,Responded
702,Female,60,84.64,354.8,19,50,197.18,7,2,20,0,1,Responded
703,Male,34,130.99,7766.09,6,30,301.97,3,5,191,1,0,Unsubscribed
704,Female,62,182.07,5647.7,8,51,155.02,6,5,282,1,1,Responded
705,Male,60,51.17,916.69,2,11,416.22,0,1,140,1,0,Unsubscribed
706,Male,51,177.54,4804.62,18,43,454.01,5,5,292,0,0,Responded
707,Female,26,24.98,2944.2,16,27,450.99,0,5,357,1,1,Unsubscribed
708,Female,43,138.86,8808.85,8,76,138.96,9,4,180,1,1,Ignored
709,Female,19,94.6,2920.78,17,58,247.4,1,2,285,1,1,Ignored
71,Female,51,34.08,9253.77,16,24,129.65,1,5,262,0,0,Unsubscribed
710,Female,26,162.43,9422.7,18,72,273.55,8,5,227,1,1,Ignored
711,Male,26,149.82,5506.71,7,97,485.26,3,2,95,1,1,Unsubscribed
712,Female,57,106.42,3303.78,9,92,224.58,6,5,93,1,0,Ignored
713,Male,34,135.9,8154.1,7,8,44.21,9,3,326,1,1,Ignored
714,Female,18,110.32,7004.26,3,56,325.27,4,2,88,0,1,Ignored
715,Female,42,166.07,4198.23,6,85,95.49,0,4,347,0,0,Responded
716,Female,60,105.7,6333.22,5,18,188.94,3,5,277,0,1,Unsubscribed
717,Male,57,114.17,7807.98,3,75,263.86,3,1,67,1,0,Unsubscribed
718,Female,59,65.09,8530.42,14,93,481.76,5,5,17,1,0,Responded
719,Female,42,128.91,8182.49,18,71,88.23,6,5,244,0,0,Unsubscribed
72,Female,20,86.83,9750.39,9,41,191.99,3,4,307,1,0,Responded
720,Female,56,74.52,1744.16,7,57,427.42,0,5,348,0,1,Responded
721,Female,52,123.91,8301.06,11,29,19.2,5,2,54,1,1,Unsubscribed
722,Male,20,50.54,680.43,14,17,33.47,4,5,200,1,1,Unsubscribed
723,Female,54,48.7,2081.69,16,62,244.94,9,2,228,0,1,Responded
724,Male,61,95.07,6266.97,16,69,290.46,0,4,166,0,1,Unsubscribed
725,Male,61,96.83,1235.46,4,70,102.61,2,3,39,1,0,Unsubscribed
726,Male,47,68.26,6073.14,16,89,100.67,4,3,139,1,1,Responded
727,Male,55,43.69,3148.86,8,45,362.66,5,3,35,1,1,Unsubscribed
728,Male,51,27.06,4351.72,9,55,161.13,1,5,341,0,0,Ignored
729,Male,29,24.54,3220,5,33,358.03,0,2,271,0,0,Responded
73,Male,29,157.99,4553.63,9,38,248.66,7,3,182,1,1,Responded
730,Female,36,68.88,794.72,18,77,263.57,7,3,31,1,0,Ignored
731,Male,54,103.13,5057.51,13,56,189.8,6,4,55,1,0,Unsubscribed
732,Male,61,150.72,9639.63,15,66,32.43,3,3,90,0,0,Ignored
733,Male,34,105.48,6156.66,10,13,486.53,8,5,167,0,1,Ignored
734,Female,27,182.73,3070.32,5,26,196.21,1,1,225,1,0,Unsubscribed
735,Female,64,26.34,9565.88,4,65,396.92,2,3,354,0,0,Unsubscribed
736,Male,29,52.52,3953.45,19,70,174.98,6,5,276,0,0,Responded
737,Female,33,80.93,7005.43,15,77,449.91,0,5,340,1,1,Unsubscribed
738,Male,41,123.95,6377.72,8,31,45.34,5,1,230,1,1,Ignored
739,Male,36,173.49,9533.82,5,41,147.88,4,3,255,1,0,Unsubscribed
74,Female,18,143.96,2348.58,14,49,443.26,0,5,42,0,0,Unsubscribed
740,Female,25,83.04,9154.57,9,18,267.84,0,3,54,0,0,Unsubscribed
741,Male,48,68.24,1565.24,17,29,310.36,5,4,201,1,0,Ignored
742,Female,38,31.14,948.29,8,29,325.29,8,5,133,1,1,Responded
743,Female,34,167.83,8115.46,14,12,202.03,6,3,166,1,0,Responded
744,Male,40,88.34,9058.94,12,94,317.56,2,3,359,0,1,Ignored
745,Male,54,122.88,4980.44,9,66,434.45,2,2,90,0,1,Responded
746,Female,33,197.04,6938.54,16,1,420.66,3,1,247,1,0,Ignored
747,Male,23,20.29,790.9,1,51,133.62,6,4,38,0,1,Responded
748,Male,25,46.18,2276.06,1,28,30.38,2,1,317,1,1,Unsubscribed
749,Male,42,160.24,1578.82,10,57,127.43,2,2,231,1,0,Unsubscribed
75,Male,61,147.44,2987.49,1,40,130.87,2,1,138,0,0,Responded
750,Female,35,164.92,6051.49,12,80,411.56,7,2,117,0,0,Ignored
751,Female,42,158.46,2055.64,3,53,332.87,8,2,280,0,0,Unsubscribed
752,Male,29,116.66,692.48,1,17,71.01,6,3,122,1,1,Responded
753,Female,32,196.19,3091.85,8,91,90.5,0,1,334,0,1,Responded
754,Female,43,91.31,6804.4,16,78,139.92,8,1,161,1,0,Responded
755,Female,58,128.35,5820.85,6,26,428.6,0,5,21,0,0,Responded
756,Female,62,31.41,3374.18,11,24,205,8,3,285,0,1,Unsubscribed
757,Female,43,93.77,8351.44,14,61,176.43,0,4,114,1,0,Responded
758,Male,64,150.05,2835.06,13,72,120.57,9,4,244,0,1,Responded
759,Male,49,62.97,2679.42,4,20,340.22,9,5,65,0,0,Responded
76,Female,22,158.1,7785.7,1,39,464.56,0,1,267,1,0,Unsubscribed
760,Male,27,189.89,5643.48,2,66,484.34,4,2,338,0,0,Unsubscribed
761,Female,33,143.62,4834.33,3,63,48.88,7,3,81,1,0,Responded
762,Female,24,71.76,4515.13,7,41,256.34,7,1,214,1,1,Responded
763,Male,34,158.42,1642.28,18,69,452.25,7,5,330,0,1,Unsubscribed
764,Female,40,34.97,5096,14,16,141.11,0,1,117,0,1,Responded
765,Male,43,195.46,2664.29,10,22,176.13,3,1,108,1,1,Unsubscribed
766,Male,38,28.87,3982.58,10,20,251.79,2,1,323,1,0,Responded
767,Male,39,188.02,7362.35,6,29,78.66,4,2,130,0,0,Ignored
768,Female,24,65.51,9374.94,15,98,403.85,5,4,130,0,0,Responded
769,Female,31,156.41,7761.24,16,11,133.39,5,2,360,1,1,Responded
77,Female,47,71.69,2806.16,16,44,388.99,5,2,284,1,0,Unsubscribed
770,Male,32,20.01,4115.78,8,25,38.82,2,2,215,0,1,Responded
771,Male,24,65.76,5971.03,5,26,335.73,4,4,127,0,1,Responded
772,Male,26,154.84,7490.33,4,54,277.2,8,4,331,0,1,Ignored
773,Male,25,115.82,4200.79,8,8,465.52,0,5,133,0,1,Ignored
774,Female,40,40.69,3666.46,10,21,393.49,0,2,46,1,0,Unsubscribed
775,Female,46,90.85,1438.91,10,88,27.65,1,3,312,1,1,Unsubscribed
776,Male,35,87.6,7388.98,8,63,269.6,4,1,88,1,1,Unsubscribed
777,Male,48,122.27,8401.24,12,63,435.24,9,3,64,1,1,Ignored
778,Female,47,140.24,3234.19,7,79,18.98,1,3,113,0,1,Ignored
779,Female,56,171.35,7856.73,14,16,193,3,3,329,1,1,Unsubscribed
78,Female,47,118.69,3867.77,18,49,166.56,4,3,104,1,1,Unsubscribed
780,Male,52,109.5,6141.11,3,5,418.21,8,4,291,1,1,Unsubscribed
781,Male,35,90.56,7862.42,8,95,132.17,8,5,302,0,1,Ignored
782,Male,59,45.92,4172.24,4,97,15.97,3,2,164,1,0,Responded
783,Female,56,164.87,7501.01,13,86,176.88,5,4,187,0,0,Unsubscribed
784,Female,34,148.41,4144.24,1,2,26.95,8,5,189,1,0,Unsubscribed
785,Female,31,93.56,978.7,6,51,458.69,2,5,183,1,0,Unsubscribed
786,Male,48,113.32,5550.73,1,24,427.86,3,5,24,1,1,Responded
787,Male,41,139.73,4597.85,4,65,216.74,8,5,356,1,0,Ignored
788,Female,52,49.67,2603.51,11,15,209.83,0,1,121,0,1,Responded
789,Female,61,24.9,8931.92,18,92,489.92,5,1,93,1,0,Responded
79,Male,34,117.8,4837.9,13,1,483.73,5,1,162,0,1,Ignored
790,Male,62,77.15,3890.25,17,78,249.74,8,4,37,0,1,Responded
791,Female,51,127.21,487.35,9,38,223.98,0,2,91,1,1,Ignored
792,Female,20,107.59,3883.14,19,53,206.23,0,2,149,0,0,Ignored
793,Male,54,144.66,4302.65,16,99,165.67,0,4,216,0,0,Responded
794,Female,60,167.54,8630.21,11,77,178.18,5,2,254,1,1,Responded
795,Male,57,107.92,8011.91,6,3,227.75,5,4,323,1,1,Ignored
796,Male,43,44.17,2079.67,14,98,462.53,9,2,203,1,0,Unsubscribed
797,Male,40,173.11,8406.39,4,79,440.15,7,3,126,0,1,Ignored
798,Male,61,123.5,2554.48,5,18,383.76,7,1,242,0,1,Responded
799,Male,56,153.19,3485.15,4,45,394.05,8,4,292,1,1,Ignored
8,Male,30,88.9,7270.9,4,87,63.61,3,3,224,0,0,Ignored
80,Female,64,153.13,5793.6,17,10,190.7,6,4,85,0,1,Responded
800,Male,32,146.84,860.5,4,72,217.72,0,5,52,1,1,Responded
801,Male,21,194.28,648.03,8,28,295.58,7,2,275,1,1,Ignored
802,Female,46,73.16,6840.52,11,24,449.49,2,4,275,1,1,Unsubscribed
803,Male,39,146.96,9241.08,9,66,172.13,4,3,283,1,1,Unsubscribed
804,Male,42,85.82,4980.87,9,72,204.73,1,3,256,0,1,Ignored
805,Female,30,91.17,8456.53,18,58,139.89,6,1,59,1,1,Responded
806,Female,35,61.51,7958.14,18,76,32.02,7,4,290,1,0,Unsubscribed
807,Female,50,81.92,6680.32,6,58,17.95,9,4,168,0,1,Responded
808,Male,33,190.69,9784.47,17,11,143.49,2,2,340,1,1,Unsubscribed
809,Female,62,72.66,8041.66,4,9,471.18,6,5,340,0,1,Ignored
81,Male,40,192.24,9961.39,12,16,342.92,7,2,8,1,1,Responded
810,Male,59,64.28,2820.96,19,15,168.88,3,3,5,1,1,Ignored
811,Male,61,124.96,7911.24,4,94,445.4,3,5,204,1,0,Unsubscribed
812,Male,19,66.45,6957.35,17,96,67.88,9,3,102,0,0,Ignored
813,Male,52,105.21,4055.25,1,27,340.59,6,2,86,0,1,Ignored
814,Female,59,170.15,860.29,16,52,171,9,1,6,0,0,Ignored
815,Female,51,61.47,2222.16,3,42,447.32,9,4,143,1,0,Unsubscribed
816,Male,47,96.8,7992.66,12,81,351.89,1,3,79,1,1,Responded
817,Male,30,129.89,2560,19,42,177.64,5,3,75,0,1,Responded
818,Male,30,118.21,9978.79,1,46,248.89,4,4,146,0,0,Ignored
819,Female,35,195.45,6970.48,14,96,124.97,3,1,110,1,1,Responded
82,Female,32,70.04,2398.88,16,53,468.91,0,5,219,0,1,Responded
820,Male,49,142.47,4824.5,9,27,24.75,9,3,216,0,0,Responded
821,Male,49,153.19,5747.32,2,70,41.72,4,5,195,0,1,Responded
822,Female,52,194.05,6147.64,16,78,407.77,1,2,215,0,1,Unsubscribed
823,Female,56,94.6,9692.55,7,10,372.39,9,1,317,0,1,Responded
824,Male,63,83.97,1701.24,7,22,336.32,0,5,147,0,0,Responded
825,Female,46,27.9,2796.72,13,3,457.44,1,3,209,0,0,Responded
826,Female,46,53.16,7124.95,19,33,133.67,0,1,120,1,0,Ignored
827,Male,61,62.69,2474.59,19,69,18.85,0,4,49,1,0,Ignored
828,Female,33,53.03,8725.84,18,41,458.2,5,1,323,0,1,Ignored
829,Male,61,155.86,3530.69,6,7,493.42,9,3,329,1,0,Ignored
83,Male,54,162.79,3598.89,1,54,396.71,7,3,87,1,0,Unsubscribed
830,Female,64,116.46,1890.31,15,66,91.9,4,2,214,1,1,Unsubscribed
831,Male,27,140.17,571.45,3,54,334.31,5,5,100,1,1,Ignored
832,Male,47,167.68,5996.39,2,53,59.61,2,4,298,1,1,Ignored
833,Male,42,61.54,8270.29,7,63,37.1,0,1,80,0,0,Unsubscribed
834,Female,56,78.67,2810.55,19,64,187.7,6,2,180,1,1,Unsubscribed
835,Male,37,147.5,9183.64,10,77,59.29,4,2,117,0,0,Unsubscribed
836,Female,22,90.7,7601.57,6,59,64.48,4,5,87,0,1,Responded
837,Male,18,25.27,706.88,18,46,252.05,2,1,346,1,0,Unsubscribed
838,Male,47,98.29,5769.07,5,87,269.64,8,1,328,1,0,Responded
839,Female,20,183.49,5717.67,2,77,202.92,9,5,217,0,1,Unsubscribed
84,Female,38,138.79,2702.62,15,5,444.39,7,2,8,1,1,Unsubscribed
840,Male,62,93.62,2103.49,5,17,335.88,6,2,300,1,1,Ignored
841,Male,31,79.8,3411.99,8,68,493.48,7,1,16,0,0,Unsubscribed
842,Female,47,198.11,4636.96,5,87,422.51,7,4,240,1,0,Unsubscribed
843,Male,21,135.99,575.97,16,25,384.44,6,3,332,0,1,Unsubscribed
844,Male,35,85.88,1582.79,3,6,213.99,6,1,24,0,1,Responded
845,Male,54,38.36,1723.64,13,85,171.63,0,4,171,0,1,Ignored
846,Male,42,161.81,3854.43,6,11,289.94,7,2,90,1,1,Unsubscribed
847,Female,18,147.45,7498.84,4,61,161.04,5,5,97,1,1,Responded
848,Female,63,185.94,8329.91,10,90,93.27,8,4,232,0,1,Ignored
849,Male,32,59.11,1712.21,18,27,435.43,9,4,147,1,0,Unsubscribed
85,Male,31,124.44,3675.02,5,29,89.22,4,5,112,1,0,Unsubscribed
850,Female,26,40.69,7543.87,18,26,69.15,9,1,306,0,1,Unsubscribed
851,Male,32,150.33,6740.03,12,95,492.33,8,5,301,1,1,Responded
852,Female,41,56.61,8917.81,3,26,137.1,0,5,204,1,0,Responded
853,Male,21,51.7,9691.03,12,70,371.25,8,4,44,1,1,Unsubscribed
854,Male,29,77.57,1332.16,12,28,39.94,7,4,291,0,1,Ignored
855,Male,54,167.03,898.67,2,65,403.54,4,2,28,0,1,Responded
856,Male,54,117.12,8017.33,18,34,262.73,0,1,329,0,0,Ignored
857,Male,60,28.25,1705.49,2,3,484.09,0,5,265,1,0,Responded
858,Male,23,103.5,2026.29,2,74,251.24,7,3,336,1,0,Unsubscribed
859,Female,56,143.12,8832.16,8,79,391.06,5,4,78,0,1,Unsubscribed
86,Male,19,159.48,1097.96,19,36,325.33,8,1,227,1,1,Ignored
860,Male,63,116.91,9395.75,1,62,123.93,0,3,55,1,1,Unsubscribed
861,Female,41,123.04,3252.87,13,40,180.63,7,4,302,1,0,Responded
862,Male,28,60.46,8437.46,18,24,396.44,2,5,53,1,0,Ignored
863,Female,30,172.59,8602.68,8,53,437.66,2,1,126,0,1,Ignored
864,Female,51,121.05,6093.37,13,70,62.14,0,3,233,0,1,Responded
865,Female,42,148.38,5704.28,7,35,348.69,6,2,187,1,1,Responded
866,Male,24,196.74,5800.8,3,96,490.41,6,5,212,1,0,Ignored
867,Male,21,97.08,3082.76,10,3,473.96,7,3,121,0,0,Responded
868,Female,25,178.59,6226.78,19,79,188.52,2,4,255,1,0,Responded
869,Male,37,21.31,2511.44,13,28,156.42,1,1,305,1,1,Responded
87,Female,28,189.93,3662.12,18,21,49.15,8,1,303,1,0,Ignored
870,Female,46,26.01,1858.56,19,28,75.91,9,4,348,1,0,Unsubscribed
871,Male,62,126.25,4188.21,8,65,493.85,5,1,22,1,0,Responded
872,Female,63,76.06,7087.23,18,86,386.73,4,4,145,0,1,Unsubscribed
873,Female,27,64.69,6252.13,15,18,316.64,3,3,167,0,0,Unsubscribed
874,Male,60,70.03,9652.33,7,73,265.29,9,2,197,1,1,Unsubscribed
875,Female,51,77.31,6499.91,7,9,405.13,7,4,352,1,0,Responded
876,Male,43,151.21,1499.01,3,46,329.31,5,3,280,1,0,Responded
877,Female,58,122.46,1696.06,18,14,248.93,5,3,174,0,1,Ignored
878,Female,20,162.03,1021.36,14,21,226.41,4,4,228,1,0,Responded
879,Male,23,169.44,1992.62,17,22,195.51,4,2,18,1,0,Responded
88,Male,56,26.6,8889.86,9,7,490.18,4,2,240,0,0,Responded
880,Male,22,171.73,6019.71,9,88,485.23,3,1,109,0,1,Unsubscribed
881,Male,22,94.64,8399.04,10,2,458.25,9,3,290,1,0,Responded
882,Female,64,95.83,8949.29,8,39,173.6,5,3,25,1,1,Responded
883,Male,40,186.73,4060.43,19,57,41.79,5,3,335,1,0,Responded
884,Female,26,139.12,5629.97,2,76,86.21,9,3,229,1,1,Ignored
885,Female,52,34.48,8111.08,12,25,302.13,3,4,158,0,0,Unsubscribed
886,Male,37,117.59,3189.5,4,94,364.83,3,1,107,0,0,Ignored
887,Male,59,84.08,5997.12,3,32,432.95,3,4,309,1,1,Unsubscribed
888,Female,52,197.74,1823.42,1,22,455.76,6,2,286,0,0,Responded
889,Female,35,22.46,4817.75,15,93,468.06,9,1,119,1,0,Ignored
89,Female,55,46.53,3056.04,5,42,352.16,3,1,111,1,0,Responded
890,Male,34,130.19,1813.42,1,77,489.09,2,5,288,0,1,Ignored
891,Male,41,150.25,4678.02,9,93,391.7,6,2,68,1,1,Unsubscribed
892,Male,20,72,4028.51,5,66,369.27,7,4,119,1,0,Responded
893,Male,49,195.26,4389.32,19,96,176.8,4,3,141,0,1,Responded
894,Male,52,174.72,2512.75,6,55,465.16,6,4,228,0,0,Unsubscribed
895,Female,55,184.82,1446.83,8,11,77.34,4,4,149,1,0,Responded
896,Female,30,23.46,2829.09,3,93,276.98,8,4,39,1,1,Responded
897,Female,64,122.58,2471.84,2,49,231.51,0,2,306,0,0,Responded
898,Female,42,73.04,7369.53,14,22,446.24,8,5,301,1,0,Ignored
899,Male,26,172.83,7198.05,11,76,324.79,8,3,285,1,0,Responded
9,Male,63,24.46,4935.49,1,21,173.8,9,4,126,1,1,Responded
90,Female,51,156.13,3782.15,11,32,61.07,3,2,269,0,1,Unsubscribed
900,Male,21,133.91,5886.38,18,5,198.7,2,3,137,0,1,Ignored
901,Male,31,117,1004.2,7,79,55.98,6,4,211,0,1,Responded
902,Female,54,40.63,5705.99,1,54,151.46,3,4,139,0,0,Ignored
903,Female,51,117.24,884.45,8,56,258.95,6,4,82,1,1,Unsubscribed
904,Male,28,133.74,279.91,6,43,203.65,2,4,234,0,0,Ignored
905,Male,58,192.06,3590.7,11,96,475.03,4,2,345,1,1,Unsubscribed
906,Female,20,125.31,2481.39,10,44,302.68,2,2,58,0,0,Responded
907,Female,45,194.13,5987.01,2,73,356.43,5,1,55,1,1,Responded
908,Male,46,193.09,9293.56,1,23,301.86,0,1,141,1,1,Responded
909,Male,26,137.04,7226.54,4,40,208.5,5,2,206,1,0,Ignored
91,Female,55,35.08,9450.29,2,90,398.57,1,4,276,0,1,Responded
910,Female,20,111.06,7696.87,9,41,40.06,4,4,3,1,0,Unsubscribed
911,Male,42,103.88,9513.84,13,35,25.18,8,3,92,0,0,Ignored
912,Male,51,180.27,6377.5,4,36,330.33,5,2,29,1,0,Responded
913,Male,29,25.09,5819.54,3,53,350.47,9,2,277,0,0,Unsubscribed
914,Female,59,40.49,6058.49,18,96,98.15,1,1,193,1,0,Responded
915,Female,26,38.37,8671.47,2,60,320.45,7,5,41,1,1,Unsubscribed
916,Female,32,156.25,3942.18,9,37,15.3,0,3,233,0,0,Responded
917,Female,57,81.14,7973.83,7,50,227.84,6,3,235,1,0,Ignored
918,Female,42,134.83,6557.34,2,19,146.76,2,5,22,1,1,Responded
919,Female,22,128.68,3115.26,12,54,442.59,2,1,24,1,0,Responded
92,Female,51,112.9,7310.95,2,81,236.53,9,1,340,0,1,Unsubscribed
920,Female,28,89.45,235.52,17,14,160.98,6,3,82,0,0,Unsubscribed
921,Male,51,115.68,2178.21,14,55,201.49,0,1,158,0,1,Unsubscribed
922,Male,41,136.12,7029.89,14,64,88.4,2,1,227,0,0,Responded
923,Male,32,189.37,5838.93,15,58,74.03,5,4,156,0,1,Responded
924,Male,55,123.61,2818.49,17,48,177.47,9,5,167,0,0,Responded
925,Male,25,130.59,4399.59,4,12,377.38,1,5,247,1,1,Responded
926,Male,22,32.21,6645.37,14,86,43.31,8,4,10,0,1,Responded
927,Male,43,191.4,1358.15,7,65,39.16,0,1,315,1,0,Responded
928,Female,35,115.05,4379.57,19,42,407.43,6,1,254,1,0,Ignored
929,Female,23,164.23,4224.58,2,18,266.86,9,3,291,0,0,Unsubscribed
93,Female,35,59.57,5215.71,15,69,48.96,6,3,23,1,1,Responded
930,Male,54,29.05,5471.75,9,18,431.29,6,5,251,0,1,Unsubscribed
931,Male,30,95.76,5266.95,15,34,310.61,5,3,56,1,0,Responded
932,Female,45,66.26,3740.49,19,41,48.44,3,3,176,0,1,Unsubscribed
933,Male,22,68.06,7651.06,10,36,95.19,3,5,218,1,1,Responded
934,Male,30,162.46,765.57,8,35,226.62,6,3,150,0,0,Unsubscribed
935,Female,34,132.3,451.83,13,92,102.35,1,5,32,1,0,Ignored
936,Male,57,99.15,4260.57,10,33,434.17,4,1,12,0,0,Unsubscribed
937,Female,62,21.91,8977.27,17,25,490.55,6,1,142,0,0,Unsubscribed
938,Male,49,193.69,2847.94,2,10,313.28,2,2,181,1,0,Responded
939,Female,46,193.16,1805.86,18,92,327.92,6,3,16,0,1,Unsubscribed
94,Female,47,69.37,7794.21,19,14,404.14,2,1,335,0,1,Unsubscribed
940,Female,20,59.16,9289.26,2,46,445.68,2,3,21,1,1,Ignored
941,Female,57,27.44,1765.41,19,27,342.15,2,5,361,1,0,Unsubscribed
942,Male,51,115.44,3810.92,16,14,198.88,3,3,145,1,0,Unsubscribed
943,Female,57,191.25,7317.25,15,37,127.52,2,2,39,0,0,Unsubscribed
944,Male,44,183.87,2683.15,8,43,210.58,1,4,47,1,1,Ignored
945,Male,30,125.24,2375.51,7,25,483.74,0,4,84,0,1,Ignored
946,Male,62,74.64,4036.91,18,49,49.33,7,1,70,1,0,Ignored
947,Male,50,79.39,7894.91,9,52,60.44,1,2,275,1,1,Ignored
948,Female,23,181.62,9118.74,16,93,334.59,4,1,91,0,1,Responded
949,Female,41,108.52,409.8,2,32,305.97,7,5,232,0,1,Responded
95,Female,32,146.33,1319.48,4,34,27.27,4,3,325,1,0,Responded
950,Male,36,43.6,1734.57,8,33,371.28,1,4,97,1,0,Responded
951,Male,33,64.72,9590.15,9,45,451.45,1,5,44,1,1,Responded
952,Female,57,69.82,5968.63,9,91,262.13,1,2,169,1,1,Unsubscribed
953,Male,45,42.24,5558.96,1,9,181.65,7,1,58,1,1,Responded
954,Female,50,103.35,8154.08,10,18,264.97,4,1,75,0,1,Unsubscribed
955,Male,58,184.89,493.85,3,23,95.44,6,3,224,1,0,Unsubscribed
956,Male,30,140.38,236.98,1,30,451.17,5,2,327,0,1,Responded
957,Female,60,33.05,9678.19,11,1,344.33,8,2,295,0,0,Ignored
958,Male,62,20.99,8302.85,9,7,436.63,5,1,154,1,0,Responded
959,Female,42,69.72,7499.08,14,80,158.18,5,5,124,1,0,Ignored
96,Female,44,25.43,4698.45,17,18,399.71,6,2,207,1,0,Ignored
960,Male,59,85.28,1641.44,4,22,447.94,8,3,74,0,0,Unsubscribed
961,Male,53,159.81,4818.38,6,83,84.44,8,1,317,1,1,Unsubscribed
962,Male,44,194.06,9379.21,13,68,191.4,5,4,101,1,1,Unsubscribed
963,Female,55,89.76,9342.64,1,24,45.07,1,3,72,0,1,Responded
964,Male,24,143.6,191.55,4,59,309.44,2,3,148,1,0,Responded
965,Male,22,199.08,7549.66,12,12,128.77,0,1,262,1,0,Ignored
966,Male,60,154.22,161.75,1,55,124.79,8,4,263,1,1,Ignored
967,Male,62,134.51,9844.59,9,65,496.82,7,3,156,0,1,Ignored
968,Female,48,34.05,4227.98,15,25,127.59,8,5,241,1,0,Responded
969,Female,40,78.18,9737.84,4,69,261.12,6,1,340,1,1,Unsubscribed
97,Female,51,177.2,1270.54,6,66,291.37,9,3,223,0,0,Responded
970,Male,59,184.41,3740.69,1,42,312.11,5,5,168,0,0,Ignored
971,Female,27,56.18,3002.55,10,35,484.7,9,5,249,1,1,Ignored
972,Male,49,171.85,3231.29,7,67,472.46,4,1,333,0,0,Unsubscribed
973,Male,60,145.34,7333.72,4,9,211.51,9,5,224,1,1,Ignored
974,Male,47,85.94,2076.76,4,36,64.81,6,2,242,0,1,Unsubscribed
975,Female,56,115.25,8654.17,16,5,105.09,2,4,92,1,0,Responded
976,Female,48,117.71,5946.67,1,68,15.01,1,4,123,1,1,Unsubscribed
977,Female,35,148.53,9702.12,7,37,10.46,2,5,63,0,0,Unsubscribed
978,Female,53,112.98,9872.14,13,67,390.77,8,4,50,1,1,Unsubscribed
979,Female,19,43.95,1933.3,19,13,184.86,8,3,308,1,0,Unsubscribed
98,Female,55,100.01,2412.82,4,90,11.33,9,1,278,0,1,Responded
980,Female,31,159.22,9562.24,6,64,327.74,4,3,78,1,0,Unsubscribed
981,Female,30,93.13,560.73,2,90,286,6,4,270,1,1,Ignored
982,Female,46,193.36,375.85,18,25,440.83,9,2,65,0,1,Unsubscribed
983,Female,29,71.03,9444.26,16,34,291.91,9,2,333,1,0,Responded
984,Male,56,67.35,9627.73,9,48,63.97,2,1,148,0,0,Unsubscribed
985,Female,19,80.03,1557.75,10,49,440.93,4,1,184,0,1,Unsubscribed
986,Female,49,123.02,4479.92,14,45,364.16,4,3,76,1,1,Unsubscribed
987,Female,30,181.08,4991.52,17,57,160.7,5,4,317,1,0,Unsubscribed
988,Female,63,51.73,8616.78,10,10,380.14,5,5,202,0,1,Ignored
989,Female,44,70.34,6316.38,5,48,202.66,5,1,92,1,1,Responded
99,Female,50,110.43,1504.49,16,48,228.21,9,5,209,1,0,Ignored
990,Female,58,124.7,7768.21,8,5,431.91,7,4,56,0,1,Unsubscribed
991,Female,34,101.78,4902.46,6,76,252.84,3,2,356,1,1,Ignored
992,Female,57,100.52,6519.3,8,27,306.82,9,4,315,0,0,Responded
993,Female,48,167.73,7380.55,4,10,46.12,1,2,173,1,1,Ignored
994,Female,51,186.3,7405.02,2,90,418.46,0,1,124,0,1,Responded
995,Female,41,106.64,117.2,10,74,250.92,7,3,16,1,1,Ignored
996,Male,62,143.72,1089.09,2,29,77.75,0,2,88,0,1,Ignored
997,Male,52,164.19,3700.24,9,90,34.45,6,4,352,1,0,Responded
998,Female,23,113.31,705.85,17,69,187.37,7,1,172,0,1,Unsubscribed
999,Female,36,72.98,3891.6,7,31,483.8,1,5,55,1,0,Responded
