,id,Gender,Age,Annual_Income,Total_Spend,Years_as_Customer,Num_of_Purchases,Average_Transaction_Amount,Num_of_Returns,Satisfaction_Score,Last_Purchase_Days_Ago,Target_Churn,Email_Opt_In,Promotion_Response
0,1,Male,34.0,45.15,5892.58,5,22,453.8,2,3.0,129,1.0,1.0,Responded
1,10,Female,52.0,169.59,9803.57,17,34,481.18,6,2.0,171,0.0,1.0,Unsubscribed
2,100,Male,41.0,117.21,3681.83,14,87,309.19,2,2.0,147,0.0,0.0,Ignored
3,1000,Male,47.0,134.86,3956.71,15,48,420.91,6,1.0,269,1.0,1.0,Ignored
4,101,Male,32.0,136.2,3878.23,9,43,110.51,5,3.0,353,1.0,1.0,Responded
5,102,Female,47.0,82.07,9478.35,8,23,125.7,8,1.0,82,1.0,0.0,Ignored
6,103,Female,59.0,38.2,2714.84,12,82,41.71,8,1.0,266,0.0,1.0,Ignored
7,104,Female,34.0,77.31,4777.05,9,68,338.17,5,4.0,95,1.0,0.0,Ignored
8,105,Female,22.0,50.27,8132.66,9,20,105.31,0,4.0,261,1.0,1.0,Unsubscribed
9,106,Female,46.0,120.1,8174.61,19,47,431.93,4,5.0,173,1.0,0.0,Unsubscribed
10,107,Female,21.0,77.25,7528.4,6,30,381.68,8,2.0,162,1.0,0.0,Ignored
11,108,Female,27.0,192.45,2949.55,7,69,55.55,2,4.0,144,0.0,1.0,Unsubscribed
12,109,Female,34.0,193.83,5000.22,6,85,283.26,9,5.0,255,0.0,0.0,Ignored
13,11,Male,23.0,138.9,4283.84,15,33,96.55,9,2.0,92,0.0,1.0,Responded
14,110,Male,27.0,131.62,1943.49,12,31,212.13,5,3.0,195,1.0,1.0,Responded
15,111,Female,34.0,131.15,1965.16,16,45,391.58,0,2.0,169,0.0,0.0,Responded
16,112,Male,37.0,197.37,4414.83,13,80,334.47,9,2.0,145,0.0,0.0,Responded
17,113,Female,41.0,179.71,7412.06,5,34,48.3,4,4.0,78,0.0,1.0,Responded
18,114,Female,22.0,157.71,5313.18,4,5,491.01,3,2.0,150,0.0,0.0,Responded
19,115,Male,51.0,76.45,8878.16,19,84,135.89,7,5.0,332,0.0,0.0,Ignored
20,116,Female,23.0,85.8,8326.0,18,38,135.22,2,2.0,82,1.0,1.0,Ignored
21,117,Male,19.0,56.23,412.89,13,53,159.35,2,1.0,112,1.0,1.0,Responded
22,118,Female,30.0,107.69,5727.35,13,65,488.27,0,5.0,58,0.0,0.0,Ignored
23,119,Female,60.0,198.27,6130.7,1,18,403.85,0,5.0,38,0.0,1.0,Responded
24,12,Male,35.0,47.43,3333.69,4,10,212.58,0,2.0,213,1.0,0.0,Responded
25,120,Male,60.0,184.19,9619.59,1,18,52.17,8,2.0,203,0.0,0.0,Unsubscribed
26,121,Female,28.0,41.3,330.04,7,40,214.81,6,2.0,362,0.0,1.0,Ignored
27,122,Male,64.0,24.53,5357.93,4,19,429.09,2,4.0,259,1.0,1.0,Responded
28,123,Female,40.0,181.75,2127.34,10,6,181.12,5,1.0,121,0.0,0.0,Responded
29,124,Male,33.0,116.69,631.26,9,99,152.79,1,4.0,216,0.0,1.0,Ignored
30,125,Male,48.0,56.03,5916.14,4,4,323.31,7,2.0,199,0.0,1.0,Responded
31,126,Female,28.0,141.26,7748.78,11,59,190.16,9,1.0,21,0.0,0.0,Ignored
32,127,Female,33.0,135.96,7771.17,13,1,89.19,4,3.0,21,1.0,1.0,Unsubscribed
33,128,Male,25.0,41.98,399.86,9,36,246.8,0,4.0,190,1.0,0.0,Ignored
34,129,Female,21.0,66.73,4128.77,7,26,407.73,3,2.0,359,0.0,1.0,Ignored
35,13,Male,22.0,199.29,8234.55,1,60,160.58,2,5.0,276,0.0,0.0,Ignored
36,130,Female,57.0,30.81,540.65,8,85,423.82,5,5.0,50,0.0,0.0,Unsubscribed
37,131,Female,21.0,57.77,2553.6,19,94,311.67,6,5.0,326,0.0,0.0,Unsubscribed
38,132,Male,42.0,43.82,2009.52,16,66,499.57,5,2.0,337,0.0,1.0,Unsubscribed
39,133,Male,20.0,54.78,2230.31,5,15,492.49,5,3.0,245,1.0,0.0,Responded
40,134,Male,49.0,143.38,3457.27,12,45,126.96,1,3.0,179,1.0,0.0,Unsubscribed
41,135,Male,20.0,28.91,2846.44,12,5,387.75,0,1.0,208,1.0,1.0,Ignored
42,136,Male,44.0,38.33,9626.57,13,71,100.11,7,5.0,296,0.0,0.0,Responded
43,137,Male,46.0,44.15,3588.83,1,18,211.59,3,3.0,274,1.0,0.0,Responded
44,138,Male,49.0,76.98,8952.31,6,94,14.88,3,4.0,352,1.0,1.0,Unsubscribed
45,139,Male,36.0,73.78,1892.31,7,62,108.7,1,3.0,27,0.0,0.0,Unsubscribed
46,14,Male,64.0,38.04,5524.28,12,4,259.81,5,2.0,212,1.0,0.0,Ignored
47,140,Male,38.0,65.91,7661.09,14,57,119.57,4,4.0,30,1.0,0.0,Unsubscribed
48,141,Female,22.0,155.1,707.32,6,2,494.0,8,5.0,140,0.0,0.0,Responded
49,142,Male,35.0,199.64,4681.34,19,17,30.41,5,4.0,231,0.0,0.0,Unsubscribed
50,143,Female,45.0,116.12,154.55,13,67,473.47,8,2.0,322,1.0,1.0,Unsubscribed
51,144,Female,59.0,189.96,8121.88,15,79,420.71,6,4.0,303,1.0,1.0,Unsubscribed
52,145,Female,39.0,91.39,9509.81,4,50,21.01,7,2.0,254,0.0,0.0,Unsubscribed
53,146,Male,38.0,39.2,447.56,10,25,77.0,5,3.0,236,1.0,0.0,Unsubscribed
54,147,Male,23.0,93.58,9345.08,6,70,318.22,0,2.0,49,1.0,0.0,Responded
55,148,Male,18.0,73.3,7761.15,2,22,181.89,4,5.0,120,0.0,0.0,Responded
56,149,Male,22.0,108.81,3652.73,2,9,177.27,3,5.0,231,1.0,1.0,Ignored
57,15,Female,42.0,176.08,6855.03,17,64,222.85,6,1.0,125,1.0,0.0,Ignored
58,150,Female,58.0,138.27,9097.88,1,73,351.27,8,4.0,52,0.0,1.0,Ignored
59,151,Male,29.0,102.99,3032.95,16,34,497.43,5,5.0,4,0.0,0.0,Ignored
60,152,Male,43.0,188.33,4152.02,11,70,173.03,6,1.0,338,1.0,1.0,Responded
61,153,Male,63.0,179.26,1057.44,13,97,462.29,5,4.0,319,1.0,1.0,Unsubscribed
62,154,Male,51.0,146.36,6603.7,14,1,366.94,5,1.0,5,0.0,0.0,Unsubscribed
63,155,Male,31.0,108.14,393.05,4,44,425.02,0,5.0,82,1.0,1.0,Unsubscribed
64,156,Female,43.0,43.7,4900.56,11,7,259.33,0,3.0,227,1.0,1.0,Ignored
65,157,Male,62.0,91.46,6863.6,10,15,271.31,7,3.0,196,0.0,0.0,Responded
66,158,Female,44.0,146.79,8230.25,6,38,277.77,7,5.0,50,0.0,1.0,Ignored
67,159,Male,26.0,71.28,1584.42,14,93,286.92,8,3.0,114,0.0,0.0,Ignored
68,16,Male,19.0,72.97,8076.45,9,63,466.61,5,3.0,304,0.0,0.0,Unsubscribed
69,160,Female,43.0,38.72,7565.49,9,81,80.78,2,3.0,148,1.0,1.0,Ignored
70,161,Male,64.0,183.42,7218.86,18,54,111.45,1,5.0,303,1.0,0.0,Unsubscribed
71,162,Male,39.0,147.63,5639.75,14,30,85.33,7,5.0,339,0.0,1.0,Unsubscribed
72,163,Female,64.0,130.75,5887.98,4,83,103.58,6,1.0,296,0.0,0.0,Unsubscribed
73,164,Female,47.0,162.65,1003.58,1,94,335.83,0,2.0,331,1.0,1.0,Ignored
74,165,Female,60.0,170.42,6044.66,15,4,111.19,0,1.0,126,1.0,0.0,Ignored
75,166,Male,34.0,107.02,3877.07,15,75,440.41,6,4.0,222,1.0,1.0,Responded
76,167,Female,43.0,178.61,8689.05,7,42,68.54,5,4.0,201,0.0,1.0,Unsubscribed
77,168,Male,53.0,184.96,3199.68,16,40,494.48,5,3.0,127,1.0,1.0,Ignored
78,169,Male,18.0,68.88,5808.29,6,97,10.7,7,4.0,99,1.0,0.0,Responded
79,17,Female,27.0,98.36,6747.13,10,9,414.8,7,2.0,274,1.0,1.0,Responded
80,170,Female,25.0,129.36,4323.06,1,33,423.5,0,3.0,188,1.0,1.0,Ignored
81,171,Female,52.0,114.79,8774.99,8,29,10.98,0,5.0,214,0.0,1.0,Ignored
82,172,Male,32.0,116.83,2613.78,8,15,394.88,5,2.0,239,1.0,1.0,Ignored
83,173,Male,64.0,188.78,880.14,18,96,366.55,5,5.0,6,0.0,0.0,Responded
84,174,Female,39.0,74.93,7511.69,1,99,350.32,1,5.0,69,0.0,1.0,Responded
85,175,Female,31.0,197.02,4187.68,16,63,181.93,5,5.0,37,0.0,0.0,Responded
86,176,Female,43.0,182.38,5932.07,12,62,317.27,1,3.0,125,1.0,1.0,Unsubscribed
87,177,Male,45.0,102.57,361.25,12,68,303.71,5,3.0,40,0.0,0.0,Responded
88,178,Male,40.0,167.14,9525.89,19,14,372.37,9,2.0,119,0.0,0.0,Unsubscribed
89,179,Male,31.0,158.43,8788.42,12,19,357.91,7,5.0,86,1.0,1.0,Ignored
90,18,Female,47.0,163.18,4281.83,3,29,294.39,7,3.0,197,0.0,1.0,Unsubscribed
91,180,Male,41.0,142.02,6276.29,7,82,131.63,4,2.0,250,1.0,0.0,Unsubscribed
92,181,Male,19.0,77.57,268.6,8,62,357.7,7,3.0,165,1.0,1.0,Responded
93,182,Male,62.0,55.36,3841.97,4,35,163.11,2,5.0,175,0.0,1.0,Unsubscribed
94,183,Female,43.0,140.87,9790.09,6,99,198.9,0,2.0,205,1.0,0.0,Responded
95,184,Male,31.0,171.74,6845.17,18,84,151.01,3,4.0,206,1.0,1.0,Ignored
96,185,Male,24.0,22.93,1693.78,1,69,372.21,8,5.0,196,1.0,0.0,Responded
97,186,Male,20.0,135.7,4659.91,12,76,418.99,2,4.0,174,0.0,1.0,Responded
98,187,Female,64.0,99.72,9670.7,2,22,131.84,2,4.0,41,0.0,0.0,Unsubscribed
99,188,Male,40.0,181.66,5393.61,19,4,261.9,0,1.0,106,0.0,0.0,Responded
100,189,Male,63.0,77.87,343.68,15,35,355.75,3,5.0,185,0.0,1.0,Responded
101,19,Female,62.0,141.95,1335.48,15,14,173.58,7,4.0,4,0.0,0.0,Responded
102,190,Female,60.0,105.35,6235.74,19,84,414.02,0,2.0,287,1.0,1.0,Unsubscribed
103,191,Male,64.0,112.66,2785.04,10,91,366.36,7,2.0,338,1.0,1.0,Unsubscribed
104,192,Male,62.0,45.28,1078.57,7,73,58.6,3,2.0,348,0.0,1.0,Responded
105,193,Male,35.0,148.32,4088.79,5,79,345.2,7,4.0,324,0.0,1.0,Responded
106,194,Male,55.0,169.49,5629.38,12,36,453.65,1,5.0,283,0.0,1.0,Unsubscribed
107,195,Male,52.0,30.42,268.7,18,77,226.57,5,1.0,43,0.0,1.0,Ignored
108,196,Female,32.0,72.45,5634.56,1,82,373.88,5,3.0,204,0.0,0.0,Unsubscribed
109,197,Female,42.0,26.85,5160.91,12,88,481.34,7,1.0,122,0.0,0.0,Unsubscribed
110,198,Female,54.0,192.18,7959.69,19,82,350.04,0,2.0,148,0.0,0.0,Responded
111,199,Male,45.0,140.09,4293.14,9,97,151.97,3,1.0,342,0.0,1.0,Unsubscribed
112,2,Female,26.0,79.51,9025.47,13,77,22.9,2,3.0,227,0.0,0.0,Responded
113,20,Male,22.0,188.82,5844.46,11,88,378.05,8,5.0,57,1.0,1.0,Unsubscribed
114,200,Male,27.0,193.56,5579.16,3,50,231.52,3,4.0,101,0.0,0.0,Unsubscribed
115,201,Male,56.0,115.67,7445.89,19,12,239.67,6,2.0,53,1.0,1.0,Ignored
116,202,Female,34.0,164.37,8981.74,7,67,426.03,0,1.0,234,0.0,1.0,Responded
117,203,Male,56.0,87.39,3862.34,15,23,484.45,1,1.0,242,1.0,0.0,Responded
118,204,Male,39.0,83.69,6056.17,12,69,300.67,7,3.0,237,0.0,1.0,Ignored
119,205,Female,43.0,88.09,6976.65,2,42,47.69,6,2.0,232,0.0,1.0,Unsubscribed
120,206,Male,61.0,138.42,528.38,14,43,475.28,8,3.0,110,0.0,0.0,Ignored
121,207,Female,42.0,84.7,8027.53,14,16,497.07,7,2.0,222,0.0,1.0,Unsubscribed
122,208,Female,34.0,182.07,3836.56,2,60,203.83,2,3.0,338,1.0,0.0,Unsubscribed
123,209,Female,30.0,196.99,6735.37,11,61,414.66,6,1.0,14,0.0,1.0,Ignored
124,21,Female,50.0,131.81,8984.59,5,72,298.9,1,2.0,323,1.0,1.0,Responded
125,210,Male,37.0,25.48,4769.47,14,82,222.6,1,4.0,191,0.0,0.0,Responded
126,211,Male,42.0,54.85,7053.16,15,78,350.78,8,3.0,322,0.0,1.0,Responded
127,212,Male,21.0,40.2,7270.88,1,96,30.52,4,2.0,119,0.0,1.0,Unsubscribed
128,213,Male,27.0,27.63,1996.55,12,4,446.44,9,5.0,278,1.0,1.0,Responded
129,214,Male,20.0,60.99,6655.52,8,46,31.95,5,5.0,76,0.0,1.0,Ignored
130,215,Male,58.0,100.42,8528.1,4,26,117.83,8,3.0,341,0.0,1.0,Ignored
131,216,Male,62.0,170.66,2432.12,15,52,288.2,2,1.0,202,0.0,0.0,Ignored
132,217,Female,35.0,59.93,7606.02,1,29,442.5,9,3.0,268,0.0,0.0,Ignored
133,218,Male,64.0,108.91,6374.87,9,83,143.52,1,4.0,136,1.0,1.0,Ignored
134,219,Female,53.0,187.33,9555.75,4,96,53.77,3,2.0,157,1.0,0.0,Responded
135,22,Male,18.0,37.61,4247.04,10,13,89.61,0,1.0,199,0.0,0.0,Responded
136,220,Male,64.0,140.1,2676.44,12,24,406.69,1,5.0,144,0.0,0.0,Unsubscribed
137,221,Male,39.0,163.65,1627.35,2,11,186.06,3,2.0,358,1.0,0.0,Ignored
138,222,Male,51.0,119.18,3190.0,7,14,374.37,8,2.0,348,1.0,1.0,Unsubscribed
139,223,Female,64.0,196.48,2653.79,15,78,104.27,8,3.0,150,1.0,0.0,Unsubscribed
140,224,Female,25.0,125.96,7592.64,5,14,124.1,7,1.0,282,1.0,1.0,Ignored
141,225,Female,57.0,28.19,7357.78,11,84,183.49,9,2.0,217,0.0,1.0,Unsubscribed
142,226,Female,61.0,55.64,6729.88,4,66,394.48,4,1.0,202,1.0,0.0,Responded
143,227,Male,36.0,92.86,2242.15,16,4,469.79,7,4.0,74,0.0,0.0,Unsubscribed
144,228,Female,59.0,128.23,8631.89,7,13,395.73,1,4.0,252,1.0,1.0,Unsubscribed
145,229,Male,58.0,158.95,9570.06,12,9,13.81,3,1.0,130,0.0,0.0,Ignored
146,23,Female,35.0,179.18,9116.18,14,3,162.9,8,2.0,193,1.0,1.0,Responded
147,230,Male,54.0,94.36,5362.9,3,11,406.14,0,3.0,349,0.0,0.0,Responded
148,231,Female,23.0,147.81,6528.79,4,7,321.85,0,3.0,121,0.0,1.0,Ignored
149,232,Female,43.0,162.18,5056.85,18,53,401.28,3,3.0,232,0.0,0.0,Ignored
150,233,Female,51.0,77.11,2907.22,11,32,290.44,8,5.0,293,1.0,1.0,Responded
151,234,Female,62.0,196.27,2932.86,1,44,24.04,3,4.0,221,1.0,0.0,Ignored
152,235,Female,23.0,136.94,3202.86,7,96,403.53,1,4.0,44,0.0,1.0,Unsubscribed
153,236,Female,54.0,178.58,1989.42,2,22,47.42,4,2.0,196,1.0,0.0,Responded
154,237,Female,50.0,120.07,9029.04,15,14,180.64,9,1.0,10,1.0,0.0,Responded
155,238,Female,39.0,153.49,8598.14,4,72,274.89,6,5.0,164,1.0,1.0,Ignored
156,239,Male,38.0,158.7,4670.23,18,46,150.08,6,5.0,7,0.0,0.0,Responded
157,24,Female,49.0,158.45,5084.93,12,78,288.48,2,2.0,323,1.0,0.0,Unsubscribed
158,240,Female,23.0,183.48,3735.79,8,29,382.26,6,2.0,231,1.0,0.0,Ignored
159,241,Female,23.0,47.06,9396.88,15,83,487.32,1,1.0,82,1.0,0.0,Unsubscribed
160,242,Male,21.0,120.49,2301.5,12,30,236.66,1,3.0,86,1.0,1.0,Ignored
161,243,Female,47.0,97.11,5580.07,14,62,476.85,8,2.0,126,0.0,0.0,Ignored
162,244,Male,28.0,186.17,639.53,1,27,459.35,7,3.0,204,1.0,1.0,Responded
163,245,Male,47.0,38.92,1992.9,1,51,410.95,0,3.0,297,1.0,1.0,Responded
164,246,Female,48.0,196.86,6079.87,19,16,366.16,6,3.0,264,0.0,1.0,Ignored
165,247,Male,41.0,177.58,6655.62,18,47,19.81,6,3.0,28,1.0,1.0,Unsubscribed
166,248,Male,26.0,33.29,5851.86,10,66,451.79,3,4.0,298,0.0,1.0,Ignored
167,249,Male,20.0,108.37,8709.05,6,52,290.57,3,2.0,320,1.0,1.0,Unsubscribed
168,25,Female,64.0,148.14,6246.33,9,24,352.98,7,4.0,119,1.0,1.0,Unsubscribed
169,250,Male,48.0,149.16,9934.71,13,26,74.47,8,5.0,347,0.0,1.0,Ignored
170,251,Female,57.0,152.87,7662.23,18,19,348.79,2,1.0,203,1.0,1.0,Responded
171,252,Male,54.0,183.17,4704.41,4,40,143.23,8,4.0,229,1.0,1.0,Unsubscribed
172,253,Female,53.0,163.98,8355.95,4,49,348.95,1,2.0,294,0.0,0.0,Ignored
173,254,Male,41.0,75.97,1291.84,3,46,49.41,3,3.0,97,1.0,0.0,Unsubscribed
174,255,Male,48.0,109.72,6864.38,6,23,487.78,4,4.0,6,1.0,1.0,Unsubscribed
175,256,Male,23.0,146.32,5231.54,7,28,42.6,4,1.0,253,0.0,1.0,Ignored
176,257,Male,19.0,44.92,1862.85,9,76,435.18,3,3.0,314,0.0,0.0,Unsubscribed
177,258,Female,37.0,54.92,9732.04,1,45,164.79,3,2.0,202,1.0,1.0,Ignored
178,259,Female,45.0,106.59,3450.53,13,39,153.62,3,4.0,347,1.0,1.0,Ignored
179,26,Female,28.0,29.67,8346.59,6,60,167.05,5,1.0,35,0.0,1.0,Unsubscribed
180,260,Male,28.0,73.68,6192.69,7,1,203.54,4,3.0,44,1.0,1.0,Unsubscribed
181,261,Male,21.0,175.26,8798.08,8,10,388.55,7,4.0,295,0.0,0.0,Ignored
182,262,Female,32.0,125.53,5116.22,10,23,107.88,9,3.0,89,1.0,1.0,Responded
183,263,Male,23.0,82.76,1239.86,7,70,229.07,3,3.0,133,1.0,0.0,Unsubscribed
184,264,Male,47.0,172.79,8205.52,6,24,249.51,2,3.0,75,0.0,1.0,Responded
185,265,Male,55.0,164.88,3596.82,5,71,454.69,1,4.0,218,1.0,0.0,Responded
186,266,Female,19.0,199.7,9832.36,8,87,281.88,2,5.0,125,0.0,0.0,Responded
187,267,Female,32.0,172.52,8849.87,16,88,322.94,3,1.0,310,1.0,0.0,Responded
188,268,Female,28.0,94.6,8549.15,4,66,448.1,9,4.0,176,0.0,0.0,Responded
189,269,Male,25.0,42.95,3626.91,8,56,173.34,2,2.0,28,0.0,0.0,Responded
190,27,Female,38.0,91.32,5689.51,9,74,456.01,2,2.0,352,1.0,1.0,Unsubscribed
191,270,Male,43.0,171.32,7595.58,9,56,45.4,6,1.0,90,0.0,0.0,Ignored
192,271,Female,62.0,30.76,9864.66,19,27,396.37,5,1.0,28,1.0,0.0,Ignored
193,272,Female,61.0,83.05,5310.58,15,32,381.78,7,3.0,131,1.0,0.0,Unsubscribed
194,273,Female,22.0,185.55,4760.25,8,20,168.91,6,2.0,319,0.0,1.0,Responded
195,274,Female,23.0,192.94,245.19,3,62,474.5,7,4.0,364,1.0,0.0,Ignored
196,275,Male,43.0,135.3,7032.02,3,26,418.51,1,3.0,2,0.0,0.0,Responded
197,276,Female,21.0,143.96,8598.93,17,72,11.38,9,2.0,265,0.0,0.0,Unsubscribed
198,277,Male,36.0,27.64,2549.83,14,12,61.78,2,2.0,360,0.0,1.0,Ignored
199,278,Female,37.0,112.61,3218.74,14,58,237.63,3,1.0,57,1.0,1.0,Ignored
200,279,Male,50.0,118.44,5056.7,2,56,456.05,8,2.0,311,0.0,1.0,Ignored
201,28,Female,43.0,50.14,1000.6,3,80,210.02,8,1.0,317,0.0,0.0,Unsubscribed
202,280,Female,37.0,81.22,813.59,14,18,96.37,1,5.0,61,1.0,0.0,Responded
203,281,Female,29.0,32.35,987.46,11,55,337.79,7,2.0,314,1.0,0.0,Responded
204,282,Female,64.0,61.2,4269.0,14,1,435.33,2,5.0,22,1.0,0.0,Ignored
205,283,Female,18.0,84.44,2686.07,7,12,465.64,2,3.0,130,0.0,0.0,Responded
206,284,Male,43.0,98.33,4119.77,19,37,331.47,7,4.0,62,1.0,0.0,Unsubscribed
207,285,Female,31.0,126.37,4598.42,8,78,182.89,8,4.0,5,1.0,1.0,Ignored
208,286,Male,55.0,150.03,9765.11,14,9,188.27,0,5.0,274,1.0,1.0,Ignored
209,287,Male,54.0,77.17,9448.17,4,64,383.5,3,1.0,132,1.0,1.0,Responded
210,288,Male,28.0,79.21,1483.33,11,11,436.71,9,4.0,287,0.0,1.0,Responded
211,289,Male,53.0,23.54,8837.6,4,90,481.32,6,2.0,173,0.0,1.0,Unsubscribed
212,29,Female,42.0,167.94,9811.7,13,12,83.09,9,5.0,128,1.0,0.0,Ignored
213,290,Female,30.0,27.36,894.05,6,10,382.03,6,4.0,307,0.0,1.0,Ignored
214,291,Male,60.0,66.41,5125.59,6,85,283.81,7,3.0,88,1.0,1.0,Unsubscribed
215,292,Male,20.0,153.24,1722.71,2,5,457.4,4,2.0,81,1.0,0.0,Unsubscribed
216,293,Male,50.0,133.1,3722.33,19,60,471.97,9,3.0,128,1.0,1.0,Ignored
217,294,Female,23.0,158.56,7459.07,1,40,239.12,4,4.0,346,0.0,1.0,Unsubscribed
218,295,Female,27.0,158.41,4302.6,13,81,474.71,3,1.0,92,1.0,1.0,Ignored
219,296,Female,22.0,174.18,8088.82,14,83,305.59,8,2.0,16,0.0,1.0,Responded
220,297,Female,40.0,149.66,7216.28,3,79,210.42,7,3.0,25,0.0,0.0,Ignored
221,298,Male,27.0,196.22,9434.11,19,88,442.58,9,5.0,258,1.0,0.0,Responded
222,299,Male,61.0,181.79,5388.14,17,53,215.65,2,3.0,181,1.0,1.0,Responded
223,3,Male,50.0,29.19,618.83,13,71,50.53,5,2.0,283,1.0,0.0,Responded
224,30,Female,39.0,146.1,2533.91,7,10,114.05,6,1.0,31,0.0,0.0,Unsubscribed
225,300,Female,19.0,125.61,8041.26,4,49,186.57,8,5.0,267,1.0,1.0,Responded
226,301,Male,30.0,125.87,3296.78,13,31,411.17,9,5.0,330,0.0,0.0,Unsubscribed
227,302,Male,57.0,26.17,3522.88,9,4,487.78,1,1.0,330,0.0,1.0,Unsubscribed
228,303,Male,19.0,199.73,4065.05,4,11,334.83,2,5.0,130,0.0,1.0,Responded
229,304,Female,37.0,43.68,4168.07,10,33,168.63,5,2.0,75,0.0,1.0,Unsubscribed
230,305,Female,18.0,153.26,1122.21,13,22,419.47,3,4.0,42,0.0,1.0,Unsubscribed
231,306,Male,54.0,167.78,5239.08,18,42,457.81,1,3.0,107,1.0,1.0,Ignored
232,307,Female,26.0,87.15,1058.35,12,98,83.04,6,2.0,30,1.0,1.0,Ignored
233,308,Female,34.0,55.43,8908.65,16,19,161.62,1,5.0,77,1.0,1.0,Responded
234,309,Female,26.0,37.78,712.26,1,98,312.37,8,2.0,193,0.0,0.0,Ignored
235,31,Male,44.0,178.95,7134.0,17,63,107.41,7,4.0,274,1.0,0.0,Ignored
236,310,Female,28.0,154.75,4551.97,14,52,172.97,5,2.0,350,1.0,0.0,Responded
237,311,Female,32.0,101.48,2918.47,7,77,312.85,9,1.0,67,0.0,0.0,Unsubscribed
238,312,Male,41.0,148.47,1633.21,5,64,415.34,3,5.0,70,1.0,0.0,Unsubscribed
239,313,Female,55.0,184.77,7859.98,2,53,77.86,3,2.0,17,0.0,0.0,Responded
240,314,Male,52.0,46.39,7177.83,4,67,315.85,7,3.0,15,1.0,1.0,Unsubscribed
241,315,Male,47.0,185.45,1544.88,10,90,335.05,6,1.0,11,0.0,0.0,Ignored
242,316,Female,48.0,94.09,6364.38,15,95,438.16,4,2.0,133,1.0,0.0,Ignored
243,317,Male,22.0,74.95,7946.3,19,52,359.32,5,3.0,7,0.0,1.0,Responded
244,318,Male,61.0,189.75,7755.99,15,93,396.61,5,3.0,109,1.0,1.0,Ignored
245,319,Male,31.0,198.32,1013.57,19,42,91.1,2,5.0,152,0.0,1.0,Ignored
246,32,Male,30.0,193.98,5100.62,18,66,124.56,5,1.0,325,1.0,1.0,Responded
247,320,Female,28.0,55.8,6886.58,10,18,74.91,3,2.0,86,1.0,0.0,Unsubscribed
248,321,Female,26.0,138.23,7188.64,3,15,453.21,8,5.0,261,1.0,1.0,Responded
249,322,Male,51.0,39.17,8635.45,11,60,91.1,5,3.0,56,1.0,1.0,Responded
250,323,Female,29.0,137.16,5129.64,18,61,191.48,9,2.0,105,0.0,0.0,Unsubscribed
251,324,Female,52.0,168.92,4664.83,2,14,397.18,3,5.0,258,1.0,1.0,Responded
252,325,Female,52.0,143.21,9654.65,18,98,39.62,4,5.0,206,0.0,0.0,Unsubscribed
253,326,Female,18.0,95.12,7985.47,15,23,264.81,9,4.0,172,1.0,0.0,Responded
254,327,Male,57.0,88.95,5631.44,16,62,277.49,6,1.0,42,1.0,1.0,Responded
255,328,Male,39.0,90.76,3373.11,19,89,11.99,2,3.0,351,0.0,1.0,Responded
256,329,Female,46.0,126.15,8467.86,19,31,202.64,8,3.0,105,1.0,1.0,Unsubscribed
257,33,Female,50.0,159.45,4839.85,4,91,198.0,1,1.0,193,1.0,0.0,Ignored
258,330,Female,25.0,178.68,4608.82,12,11,454.51,5,5.0,78,1.0,1.0,Unsubscribed
259,331,Male,28.0,187.23,1017.58,6,4,218.86,5,3.0,348,0.0,0.0,Unsubscribed
260,332,Male,58.0,29.64,4603.55,12,32,457.61,8,3.0,40,0.0,1.0,Ignored
261,333,Female,54.0,52.69,8732.49,7,33,164.72,9,2.0,263,0.0,0.0,Responded
262,334,Male,31.0,40.2,4537.99,10,14,257.61,9,4.0,297,1.0,1.0,Ignored
263,335,Female,47.0,54.8,242.06,12,50,423.09,8,2.0,18,0.0,1.0,Ignored
264,336,Female,52.0,82.39,6153.7,16,40,490.91,7,2.0,131,1.0,0.0,Responded
265,337,Male,38.0,111.18,9958.72,13,1,382.0,1,3.0,107,1.0,1.0,Unsubscribed
266,338,Male,54.0,133.3,8190.76,13,25,178.39,9,3.0,196,1.0,0.0,Responded
267,339,Female,22.0,151.79,6210.66,14,85,163.83,6,3.0,253,0.0,0.0,Ignored
268,34,Female,51.0,198.96,2515.01,5,12,237.82,5,5.0,253,1.0,1.0,Unsubscribed
269,340,Female,36.0,180.22,9152.55,6,44,37.97,8,2.0,126,1.0,1.0,Unsubscribed
270,341,Male,31.0,198.04,8154.46,19,91,109.43,7,2.0,43,0.0,0.0,Responded
271,342,Female,43.0,139.31,5036.53,10,92,382.27,8,4.0,217,1.0,0.0,Responded
272,343,Male,21.0,172.17,5953.08,9,88,213.27,5,5.0,125,0.0,0.0,Responded
273,344,Female,42.0,160.05,7339.8,9,91,86.7,7,2.0,334,0.0,0.0,Responded
274,345,Male,62.0,75.36,8479.62,9,74,155.82,0,3.0,4,1.0,0.0,Unsubscribed
275,346,Male,59.0,177.62,675.95,1,98,298.51,8,2.0,83,0.0,1.0,Unsubscribed
276,347,Male,42.0,27.7,7770.56,1,91,478.73,8,1.0,342,0.0,1.0,Unsubscribed
277,348,Female,35.0,20.07,4530.28,13,42,480.12,3,2.0,232,1.0,0.0,Unsubscribed
278,349,Female,57.0,69.27,6641.91,19,32,65.88,2,2.0,102,1.0,1.0,Unsubscribed
279,35,Female,58.0,130.66,7249.29,11,96,275.72,4,5.0,196,1.0,0.0,Responded
280,350,Male,25.0,103.18,7669.87,16,41,125.77,5,1.0,188,0.0,1.0,Unsubscribed
281,351,Female,56.0,134.91,5441.07,13,96,303.47,7,4.0,280,1.0,1.0,Ignored
282,352,Male,57.0,38.32,1669.3,18,9,456.91,7,2.0,335,0.0,1.0,Ignored
283,353,Male,31.0,141.14,4154.32,10,50,490.93,6,1.0,82,0.0,0.0,Unsubscribed
284,354,Female,49.0,164.33,861.04,14,37,366.29,0,1.0,89,0.0,1.0,Unsubscribed
285,355,Female,55.0,53.36,6924.08,3,82,211.7,3,1.0,355,1.0,1.0,Unsubscribed
286,356,Male,50.0,94.72,9541.69,1,95,437.67,2,4.0,15,1.0,1.0,Ignored
287,357,Female,40.0,113.6,7973.0,10,2,215.47,9,1.0,133,0.0,1.0,Unsubscribed
288,358,Female,32.0,101.33,3958.89,7,59,336.76,4,5.0,121,1.0,1.0,Unsubscribed
289,359,Male,50.0,163.97,5884.49,4,30,249.92,5,3.0,31,1.0,1.0,Ignored
290,36,Male,52.0,26.68,1216.6,18,49,469.63,2,3.0,188,1.0,0.0,Unsubscribed
291,360,Male,42.0,192.89,3111.59,7,81,391.94,9,5.0,93,1.0,1.0,Unsubscribed
292,361,Female,34.0,163.81,5456.35,2,85,370.44,1,2.0,182,1.0,1.0,Responded
293,362,Male,50.0,34.04,3077.2,2,9,201.44,9,4.0,227,1.0,0.0,Ignored
294,363,Male,64.0,164.89,7409.42,6,37,59.4,1,4.0,338,0.0,0.0,Ignored
295,364,Female,19.0,31.99,2667.48,2,94,476.37,0,4.0,290,1.0,0.0,Ignored
296,365,Male,31.0,62.47,9643.8,2,60,460.12,4,2.0,35,0.0,1.0,Ignored
297,366,Male,57.0,47.56,6653.29,4,16,99.12,4,1.0,186,1.0,0.0,Ignored
298,367,Female,57.0,55.55,780.9,6,14,109.62,0,2.0,150,0.0,0.0,Ignored
299,368,Female,56.0,115.1,206.7,19,26,395.98,2,1.0,82,0.0,0.0,Ignored
300,369,Male,23.0,140.9,9970.76,2,81,395.51,3,1.0,15,0.0,0.0,Ignored
301,37,Female,18.0,22.57,9905.49,19,59,289.28,2,1.0,102,1.0,0.0,Responded
302,370,Male,23.0,104.66,2283.01,4,51,483.09,0,5.0,353,0.0,1.0,Ignored
303,371,Female,20.0,192.75,3194.37,14,12,498.82,8,1.0,236,1.0,0.0,Unsubscribed
304,372,Female,24.0,63.25,2163.3,3,47,254.2,2,2.0,25,1.0,1.0,Responded
305,373,Female,25.0,157.37,9288.21,16,3,480.58,8,1.0,353,0.0,1.0,Responded
306,374,Female,59.0,176.63,6554.93,12,34,409.83,8,2.0,256,1.0,1.0,Responded
307,375,Male,32.0,121.17,5093.42,2,93,380.62,5,4.0,255,0.0,1.0,Unsubscribed
308,376,Female,64.0,102.12,5620.74,10,91,189.32,9,5.0,261,0.0,1.0,Responded
309,377,Female,46.0,127.31,3246.94,10,42,426.69,2,1.0,257,0.0,0.0,Ignored
310,378,Male,50.0,97.19,6180.33,12,2,460.36,6,4.0,81,1.0,1.0,Unsubscribed
311,379,Female,47.0,119.93,4254.04,17,27,369.66,0,4.0,291,0.0,0.0,Unsubscribed
312,38,Male,38.0,81.58,8469.2,5,76,98.03,2,2.0,216,0.0,1.0,Ignored
313,380,Male,56.0,95.05,2072.36,10,73,326.78,4,2.0,338,1.0,1.0,Ignored
314,381,Female,44.0,92.08,6600.39,1,84,323.8,6,4.0,100,1.0,0.0,Unsubscribed
315,382,Female,53.0,145.16,3801.02,5,28,86.28,5,4.0,122,1.0,1.0,Ignored
316,383,Female,46.0,36.71,7872.16,12,23,117.76,7,1.0,73,0.0,0.0,Ignored
317,384,Male,55.0,49.98,4212.41,4,90,122.18,6,3.0,94,0.0,0.0,Unsubscribed
318,385,Male,50.0,173.22,5131.89,13,89,89.71,8,1.0,28,1.0,0.0,Unsubscribed
319,386,Female,54.0,158.79,7895.92,3,85,244.22,1,3.0,74,1.0,0.0,Ignored
320,387,Male,44.0,70.66,4533.99,1,37,42.79,0,4.0,182,1.0,1.0,Responded
321,388,Male,50.0,87.91,9665.59,5,25,150.84,9,3.0,166,1.0,1.0,Ignored
322,389,Male,21.0,186.68,7950.98,11,31,405.64,8,4.0,182,1.0,0.0,Ignored
323,39,Male,23.0,168.22,5391.64,16,2,233.12,6,5.0,260,0.0,1.0,Unsubscribed
324,390,Male,39.0,167.25,8281.66,4,13,463.17,4,1.0,53,1.0,0.0,Ignored
325,391,Male,19.0,130.58,9543.81,12,53,434.05,4,2.0,150,0.0,0.0,Unsubscribed
326,392,Male,27.0,59.87,3949.62,10,57,165.41,5,3.0,150,0.0,1.0,Responded
327,393,Female,22.0,27.97,5842.79,6,93,269.36,4,5.0,173,0.0,0.0,Unsubscribed
328,394,Female,27.0,97.63,6966.56,2,69,467.5,1,2.0,300,1.0,1.0,Responded
329,395,Male,50.0,141.07,6767.24,4,66,287.67,3,3.0,164,1.0,1.0,Responded
330,396,Female,55.0,169.13,9534.07,11,70,135.06,5,4.0,361,1.0,1.0,Unsubscribed
331,397,Female,30.0,173.48,2954.65,17,45,345.45,3,4.0,29,1.0,0.0,Responded
332,398,Female,48.0,25.9,2984.48,2,86,320.2,7,4.0,89,1.0,0.0,Unsubscribed
333,399,Female,64.0,63.95,9188.24,4,25,50.02,8,4.0,133,1.0,1.0,Responded
334,4,Male,37.0,79.63,9110.3,3,33,411.83,5,5.0,226,1.0,1.0,Ignored
335,40,Male,45.0,175.9,4303.07,18,73,92.72,1,5.0,360,0.0,1.0,Responded
336,400,Male,53.0,81.04,8013.13,14,9,387.38,9,4.0,66,0.0,1.0,Ignored
337,401,Female,62.0,53.97,2113.23,5,31,54.19,1,1.0,282,1.0,1.0,Unsubscribed
338,402,Female,41.0,164.54,5743.46,9,33,317.99,1,3.0,25,1.0,0.0,Ignored
339,403,Male,32.0,158.14,7483.06,6,86,348.35,2,2.0,165,1.0,1.0,Ignored
340,404,Male,46.0,113.03,3595.06,11,68,300.67,2,3.0,339,0.0,0.0,Unsubscribed
341,405,Female,25.0,196.93,4400.38,1,58,192.9,7,3.0,299,0.0,1.0,Unsubscribed
342,406,Female,22.0,45.93,5796.43,4,85,306.82,9,1.0,16,1.0,0.0,Unsubscribed
343,407,Female,46.0,181.94,4724.37,9,82,280.77,5,1.0,41,0.0,0.0,Unsubscribed
344,408,Female,64.0,40.96,7555.12,14,18,301.65,6,4.0,360,1.0,1.0,Unsubscribed
345,409,Female,21.0,49.37,158.79,1,76,406.78,0,4.0,1,0.0,1.0,Unsubscribed
346,41,Male,34.0,192.95,2936.0,14,26,456.43,3,4.0,263,0.0,1.0,Unsubscribed
347,410,Female,29.0,145.32,4402.86,11,19,414.73,8,3.0,141,0.0,0.0,Responded
348,411,Male,62.0,39.72,3442.06,6,36,380.8,9,1.0,258,0.0,0.0,Unsubscribed
349,412,Female,19.0,121.85,6130.72,9,59,246.33,5,2.0,49,0.0,1.0,Unsubscribed
350,413,Female,44.0,95.64,7781.99,14,86,183.99,4,3.0,189,1.0,1.0,Responded
351,414,Male,48.0,151.13,853.84,3,44,440.36,5,1.0,204,1.0,1.0,Ignored
352,415,Male,53.0,182.12,1664.79,1,64,439.61,2,3.0,126,1.0,1.0,Unsubscribed
353,416,Male,53.0,158.58,6684.31,13,99,408.68,6,1.0,76,1.0,0.0,Ignored
354,417,Male,43.0,172.94,7410.18,8,98,443.33,5,3.0,236,0.0,1.0,Responded
355,418,Female,60.0,25.93,5923.2,17,74,203.68,6,2.0,195,1.0,1.0,Ignored
356,419,Female,44.0,75.84,9829.75,16,28,271.88,6,1.0,213,0.0,0.0,Ignored
357,42,Male,22.0,31.72,5065.76,17,31,92.5,9,1.0,202,1.0,1.0,Responded
358,420,Female,22.0,112.78,5044.67,18,88,289.25,1,5.0,154,0.0,1.0,Unsubscribed
359,421,Female,37.0,94.87,1449.29,1,64,361.78,2,4.0,293,0.0,0.0,Ignored
360,422,Female,28.0,61.63,6894.28,1,52,393.26,3,1.0,257,1.0,1.0,Responded
361,423,Female,27.0,75.42,6060.55,12,60,285.47,2,3.0,227,0.0,0.0,Ignored
362,424,Male,57.0,190.18,5945.17,11,37,452.34,5,4.0,337,1.0,0.0,Unsubscribed
363,425,Female,55.0,72.95,5503.95,7,49,120.08,9,3.0,345,1.0,1.0,Unsubscribed
364,426,Male,23.0,83.7,9397.05,19,98,210.25,2,1.0,185,1.0,0.0,Ignored
365,427,Male,25.0,20.67,1378.65,2,12,38.07,9,3.0,24,1.0,1.0,Responded
366,428,Female,40.0,172.11,824.65,6,73,491.14,2,1.0,342,0.0,1.0,Unsubscribed
367,429,Male,64.0,47.87,1625.76,18,94,402.65,3,1.0,174,0.0,0.0,Responded
368,43,Female,48.0,28.02,8806.23,9,34,309.17,6,1.0,273,0.0,0.0,Responded
369,430,Female,43.0,56.75,2525.4,11,34,70.53,0,4.0,145,1.0,1.0,Unsubscribed
370,431,Male,63.0,65.95,5970.17,13,48,173.63,0,1.0,60,0.0,1.0,Ignored
371,432,Female,60.0,179.23,6163.01,10,15,271.82,9,2.0,70,1.0,1.0,Responded
372,433,Male,29.0,57.16,2402.76,18,95,155.33,5,5.0,13,1.0,1.0,Unsubscribed
373,434,Female,43.0,163.55,4943.33,4,32,67.77,7,2.0,259,0.0,1.0,Responded
374,435,Female,30.0,165.45,4872.41,9,88,303.37,3,1.0,172,0.0,1.0,Responded
375,436,Female,57.0,186.86,4585.8,3,64,119.58,9,5.0,50,0.0,1.0,Responded
376,437,Female,35.0,40.8,8055.1,11,44,320.13,9,3.0,99,1.0,1.0,Ignored
377,438,Female,42.0,59.11,4769.76,7,22,348.52,0,3.0,64,1.0,0.0,Ignored
378,439,Male,50.0,153.72,7607.82,1,3,408.91,5,2.0,249,1.0,0.0,Ignored
379,44,Female,22.0,184.39,2822.56,14,88,293.2,7,1.0,121,1.0,0.0,Ignored
380,440,Male,64.0,55.28,1748.16,5,27,228.83,4,4.0,163,0.0,1.0,Responded
381,441,Male,57.0,71.54,5366.48,5,10,352.17,1,5.0,288,1.0,1.0,Ignored
382,442,Female,60.0,50.01,8258.64,13,2,27.22,0,5.0,56,0.0,1.0,Unsubscribed
383,443,Male,29.0,51.09,1859.39,1,57,319.16,0,4.0,84,1.0,0.0,Ignored
384,444,Female,61.0,106.68,4702.73,4,68,222.93,0,3.0,295,1.0,0.0,Responded
385,445,Female,53.0,39.74,6129.89,8,82,406.44,4,1.0,187,0.0,1.0,Unsubscribed
386,446,Male,21.0,77.91,1929.27,18,2,494.07,9,3.0,313,1.0,0.0,Unsubscribed
387,447,Male,22.0,96.79,7591.98,12,31,153.29,4,1.0,64,1.0,0.0,Unsubscribed
388,448,Female,54.0,24.42,882.06,3,35,448.28,0,3.0,88,1.0,1.0,Responded
389,449,Male,25.0,89.9,9469.51,13,98,61.94,8,5.0,74,1.0,1.0,Responded
390,45,Female,55.0,74.91,5055.32,12,21,315.34,8,4.0,276,1.0,0.0,Unsubscribed
391,450,Female,59.0,36.94,4735.39,17,48,231.67,7,5.0,63,1.0,0.0,Responded
392,451,Female,45.0,108.84,3427.62,3,49,350.69,1,1.0,151,0.0,0.0,Ignored
393,452,Female,48.0,168.63,1256.39,13,11,432.93,8,3.0,339,0.0,0.0,Responded
394,453,Female,26.0,167.32,4382.71,10,7,118.39,9,1.0,304,1.0,0.0,Unsubscribed
395,454,Female,46.0,34.48,6632.06,4,6,251.39,6,1.0,306,1.0,1.0,Responded
396,455,Male,31.0,128.22,1035.42,1,43,488.2,4,3.0,315,0.0,1.0,Unsubscribed
397,456,Male,57.0,170.23,3132.06,14,71,371.26,8,1.0,354,0.0,0.0,Responded
398,457,Female,58.0,62.84,8376.57,6,39,203.06,9,1.0,120,0.0,0.0,Unsubscribed
399,458,Female,39.0,157.15,6497.19,19,6,253.8,6,3.0,239,1.0,1.0,Unsubscribed
400,459,Male,28.0,180.34,2143.09,4,61,460.63,4,2.0,338,1.0,0.0,Unsubscribed
401,46,Female,20.0,120.44,2422.04,3,50,38.72,3,2.0,84,1.0,0.0,Ignored
402,460,Male,40.0,165.1,1693.01,11,31,248.53,7,2.0,349,0.0,0.0,Unsubscribed
403,461,Female,18.0,39.31,9054.4,13,60,38.46,0,4.0,62,1.0,0.0,Ignored
404,462,Male,63.0,21.63,2941.5,10,9,110.3,4,2.0,206,0.0,1.0,Ignored
405,463,Female,54.0,54.51,1877.05,17,64,11.84,3,3.0,154,0.0,0.0,Ignored
406,464,Male,38.0,68.69,9999.64,7,82,245.31,4,1.0,35,0.0,0.0,Responded
407,465,Female,43.0,130.91,3161.0,13,87,486.97,9,3.0,14,0.0,0.0,Unsubscribed
408,466,Male,63.0,89.17,1334.93,16,4,403.21,9,5.0,219,1.0,0.0,Responded
409,467,Female,53.0,146.61,4671.4,7,16,30.23,6,3.0,34,1.0,1.0,Unsubscribed
410,468,Male,40.0,83.55,4400.02,18,95,466.12,1,2.0,338,0.0,1.0,Unsubscribed
411,469,Male,18.0,47.8,9275.34,7,7,64.55,3,4.0,185,1.0,1.0,Ignored
412,47,Female,40.0,196.84,3437.78,18,9,151.77,1,2.0,277,0.0,1.0,Responded
413,470,Female,57.0,76.28,1428.63,6,94,21.27,2,1.0,242,1.0,0.0,Ignored
414,471,Male,32.0,179.18,1002.25,13,23,113.68,8,1.0,182,0.0,0.0,Responded
415,472,Female,38.0,192.54,1020.49,3,11,255.08,5,2.0,241,0.0,1.0,Responded
416,473,Male,64.0,57.35,9052.45,1,29,48.1,0,4.0,53,1.0,0.0,Ignored
417,474,Female,26.0,161.92,4548.75,18,8,392.86,6,5.0,363,1.0,0.0,Unsubscribed
418,475,Male,26.0,69.2,1591.0,11,92,18.57,7,4.0,101,1.0,1.0,Unsubscribed
419,476,Female,27.0,179.68,5978.92,1,84,116.9,8,4.0,327,1.0,1.0,Responded
420,477,Male,43.0,49.8,5422.47,5,3,303.22,2,2.0,209,1.0,0.0,Responded
421,478,Female,58.0,139.87,2064.23,9,72,211.18,8,4.0,158,0.0,1.0,Responded
422,479,Male,52.0,35.16,6070.08,19,77,235.6,6,1.0,143,0.0,1.0,Ignored
423,48,Male,54.0,92.08,1983.58,7,65,183.3,8,2.0,234,0.0,0.0,Responded
424,480,Female,42.0,195.3,3468.29,14,52,338.29,4,4.0,292,1.0,1.0,Responded
425,481,Female,43.0,146.11,2459.87,8,20,186.22,8,2.0,226,1.0,0.0,Unsubscribed
426,482,Female,28.0,171.53,5152.97,9,95,127.92,5,4.0,10,1.0,1.0,Unsubscribed
427,483,Male,55.0,122.0,2987.33,17,31,459.93,9,4.0,94,1.0,0.0,Ignored
428,484,Female,19.0,105.82,2299.19,11,28,179.14,4,1.0,323,1.0,0.0,Unsubscribed
429,485,Male,24.0,131.94,8809.25,16,16,244.23,7,1.0,79,0.0,1.0,Unsubscribed
430,486,Female,35.0,115.17,1642.05,17,48,411.78,0,2.0,136,0.0,0.0,Unsubscribed
431,487,Male,44.0,104.49,2877.84,2,24,320.07,4,3.0,258,0.0,0.0,Responded
432,488,Female,51.0,156.7,3922.77,3,59,314.01,8,1.0,235,0.0,1.0,Unsubscribed
433,489,Male,44.0,52.08,2809.02,17,95,323.02,1,2.0,238,0.0,1.0,Unsubscribed
434,49,Female,54.0,139.86,9906.34,3,35,462.35,3,3.0,322,1.0,1.0,Responded
435,490,Male,34.0,50.81,2186.04,12,84,407.08,1,4.0,203,0.0,1.0,Unsubscribed
436,491,Female,60.0,97.73,7734.35,16,9,267.67,7,1.0,143,0.0,1.0,Ignored
437,492,Male,61.0,77.73,3357.26,16,14,47.17,9,5.0,341,1.0,0.0,Unsubscribed
438,493,Male,41.0,33.34,1213.88,6,39,336.1,8,2.0,93,0.0,1.0,Responded
439,494,Female,42.0,172.0,5454.86,3,39,90.85,7,5.0,177,1.0,0.0,Unsubscribed
440,495,Male,24.0,158.89,1342.34,13,3,416.07,5,1.0,230,1.0,0.0,Unsubscribed
441,496,Male,23.0,117.91,3639.44,13,43,86.71,5,5.0,363,1.0,1.0,Responded
442,497,Male,41.0,196.28,8830.08,15,52,478.66,9,3.0,327,0.0,1.0,Ignored
443,498,Female,50.0,33.07,3754.7,2,69,358.07,4,1.0,237,1.0,0.0,Unsubscribed
444,499,Male,46.0,158.0,6361.84,12,39,139.06,8,4.0,117,0.0,0.0,Ignored
445,5,Male,30.0,77.66,5390.88,15,43,101.19,3,5.0,242,0.0,0.0,Unsubscribed
446,50,Female,27.0,92.16,5757.82,12,31,308.21,7,4.0,287,1.0,0.0,Unsubscribed
447,500,Female,60.0,67.95,5194.79,15,70,111.66,1,2.0,112,0.0,1.0,Unsubscribed
448,501,Male,39.0,86.35,1463.48,15,60,440.35,7,5.0,332,1.0,0.0,Unsubscribed
449,502,Male,43.0,59.47,6525.79,12,64,122.99,1,3.0,279,1.0,1.0,Ignored
450,503,Male,45.0,162.03,8574.75,7,54,211.81,9,5.0,23,0.0,0.0,Responded
451,504,Female,38.0,45.96,1022.8,3,63,235.56,5,1.0,23,1.0,0.0,Ignored
452,505,Male,24.0,171.2,7561.43,10,34,70.94,1,5.0,114,0.0,0.0,Unsubscribed
453,506,Male,34.0,139.08,6933.09,11,89,370.38,3,2.0,355,0.0,0.0,Ignored
454,507,Female,37.0,30.62,8679.94,18,93,62.76,0,5.0,144,0.0,0.0,Unsubscribed
455,508,Male,58.0,165.98,1130.51,7,86,428.63,2,5.0,254,0.0,0.0,Unsubscribed
456,509,Female,37.0,133.0,3126.38,7,45,270.56,7,4.0,157,1.0,1.0,Ignored
457,51,Male,27.0,158.28,7354.87,15,85,405.83,5,4.0,352,0.0,1.0,Responded
458,510,Female,39.0,182.9,6973.49,12,15,312.18,9,3.0,153,1.0,1.0,Unsubscribed
459,511,Male,45.0,154.77,317.98,17,69,416.14,4,5.0,311,1.0,0.0,Ignored
460,512,Female,57.0,121.0,7367.35,14,82,174.76,9,4.0,332,1.0,1.0,Responded
461,513,Male,24.0,170.58,8593.99,15,80,482.92,1,5.0,298,1.0,1.0,Unsubscribed
462,514,Female,18.0,70.05,4587.71,8,26,309.78,2,5.0,264,1.0,0.0,Responded
463,515,Female,49.0,118.45,4399.87,17,64,70.88,3,3.0,38,1.0,1.0,Ignored
464,516,Male,30.0,72.85,2856.84,7,37,151.01,6,5.0,349,1.0,0.0,Unsubscribed
465,517,Female,47.0,194.28,150.01,9,13,253.17,8,3.0,264,0.0,1.0,Responded
466,518,Female,40.0,60.72,1944.4,16,39,345.53,5,5.0,182,0.0,1.0,Ignored
467,519,Female,36.0,22.83,9800.65,3,60,109.06,6,3.0,129,1.0,1.0,Unsubscribed
468,52,Female,36.0,114.99,1072.67,9,38,253.05,4,3.0,168,1.0,0.0,Ignored
469,520,Female,49.0,78.65,8686.13,11,94,219.21,1,5.0,236,1.0,0.0,Ignored
470,521,Female,47.0,110.45,2738.4,10,31,62.76,0,3.0,358,1.0,1.0,Ignored
471,522,Male,46.0,25.11,9641.11,11,99,98.47,0,1.0,221,1.0,1.0,Unsubscribed
472,523,Female,62.0,120.66,3740.35,9,84,381.48,1,5.0,127,1.0,0.0,Ignored
473,524,Male,46.0,177.37,3046.1,11,84,308.59,5,4.0,158,1.0,1.0,Responded
474,525,Female,47.0,146.85,1612.8,11,32,231.6,7,5.0,69,1.0,0.0,Ignored
475,526,Male,33.0,132.13,9025.95,18,76,13.5,7,5.0,10,1.0,1.0,Unsubscribed
476,527,Male,57.0,192.07,9871.23,4,8,42.4,0,4.0,136,0.0,1.0,Ignored
477,528,Female,36.0,192.49,3341.37,5,70,384.15,4,5.0,339,0.0,1.0,Unsubscribed
478,529,Female,35.0,168.37,7063.96,5,78,55.98,4,1.0,95,0.0,1.0,Responded
479,53,Male,34.0,62.75,3724.56,18,23,204.68,6,1.0,86,0.0,1.0,Ignored
480,530,Female,18.0,129.39,3419.5,18,63,387.81,3,4.0,334,1.0,0.0,Ignored
481,531,Male,31.0,107.8,1139.41,18,99,364.84,8,4.0,110,0.0,0.0,Unsubscribed
482,532,Female,64.0,22.4,3987.65,16,47,261.73,7,3.0,256,0.0,1.0,Unsubscribed
483,533,Male,19.0,129.13,5560.54,9,33,185.85,7,3.0,360,0.0,0.0,Responded
484,534,Male,45.0,198.04,1317.87,2,33,451.11,4,4.0,35,0.0,0.0,Ignored
485,535,Male,47.0,167.26,8200.9,16,29,96.53,2,4.0,112,1.0,1.0,Responded
486,536,Female,55.0,81.31,5023.89,10,13,428.96,2,5.0,106,0.0,1.0,Ignored
487,537,Female,21.0,47.37,2420.39,12,94,384.1,2,1.0,174,1.0,1.0,Unsubscribed
488,538,Male,18.0,161.13,5968.32,17,75,337.19,4,3.0,236,1.0,1.0,Unsubscribed
489,539,Male,25.0,153.91,7953.27,16,56,471.76,1,2.0,217,0.0,1.0,Unsubscribed
490,54,Female,38.0,68.84,8937.13,8,62,246.96,4,2.0,110,1.0,0.0,Unsubscribed
491,540,Female,46.0,194.07,3343.48,17,74,498.1,2,5.0,144,1.0,0.0,Unsubscribed
492,541,Male,56.0,177.47,7044.62,17,50,396.73,4,5.0,336,0.0,0.0,Ignored
493,542,Female,20.0,120.02,4335.81,3,20,122.1,4,1.0,342,0.0,0.0,Unsubscribed
494,543,Male,49.0,38.23,9644.11,9,87,345.63,2,3.0,56,1.0,1.0,Responded
495,544,Female,27.0,107.03,7732.31,2,24,206.19,7,2.0,151,0.0,0.0,Responded
496,545,Male,27.0,76.47,3627.87,17,31,69.95,3,3.0,147,0.0,0.0,Ignored
497,546,Female,36.0,112.23,275.7,15,61,425.9,2,3.0,11,1.0,1.0,Ignored
498,547,Male,63.0,74.31,6609.45,9,53,174.02,1,1.0,256,0.0,0.0,Ignored
499,548,Female,51.0,175.13,2058.93,2,14,482.58,7,5.0,347,0.0,1.0,Responded
500,549,Female,50.0,171.98,1306.6,15,32,407.45,0,1.0,27,0.0,0.0,Responded
501,55,Male,31.0,66.45,935.94,10,43,395.71,3,5.0,37,0.0,0.0,Responded
502,550,Male,40.0,76.78,9324.59,14,59,402.03,4,3.0,329,1.0,1.0,Unsubscribed
503,551,Male,45.0,127.92,9999.49,1,17,415.19,4,2.0,9,1.0,0.0,Responded
504,552,Female,49.0,97.43,2771.9,13,19,209.98,9,5.0,163,1.0,1.0,Ignored
505,553,Male,24.0,183.64,3087.51,9,2,50.28,5,1.0,349,1.0,1.0,Responded
506,554,Female,46.0,53.72,1733.39,1,16,497.57,4,4.0,167,0.0,1.0,Responded
507,555,Male,25.0,145.59,4631.08,1,33,482.43,9,2.0,128,0.0,1.0,Responded
508,556,Female,18.0,194.67,8671.85,11,79,239.17,3,4.0,361,0.0,1.0,Ignored
509,557,Female,20.0,51.55,7044.91,12,74,415.96,2,3.0,357,0.0,0.0,Unsubscribed
510,558,Female,41.0,56.35,8478.68,5,7,243.91,1,2.0,27,1.0,0.0,Unsubscribed
511,559,Female,40.0,144.87,2361.97,19,68,463.81,5,2.0,143,0.0,1.0,Responded
512,56,Female,26.0,115.82,1738.28,12,49,54.59,5,2.0,130,0.0,1.0,Responded
513,560,Female,25.0,160.25,7331.52,18,71,206.03,3,5.0,316,0.0,0.0,Unsubscribed
514,561,Female,64.0,108.3,9193.41,7,80,440.54,5,3.0,161,1.0,0.0,Ignored
515,562,Male,54.0,129.74,2886.02,19,94,16.34,7,1.0,52,0.0,1.0,Unsubscribed
516,563,Male,20.0,58.28,6937.47,16,86,177.24,3,2.0,232,0.0,1.0,Responded
517,564,Male,50.0,105.79,4066.51,10,52,312.07,8,1.0,101,1.0,1.0,Unsubscribed
518,565,Female,45.0,40.17,2973.24,8,75,428.87,5,3.0,213,1.0,1.0,Responded
519,566,Female,64.0,77.86,9699.27,3,59,53.46,7,3.0,186,1.0,0.0,Ignored
520,567,Female,25.0,71.26,3551.47,1,78,46.59,8,4.0,4,1.0,1.0,Unsubscribed
521,568,Female,51.0,100.03,1167.71,18,92,396.06,3,1.0,125,0.0,0.0,Ignored
522,569,Male,52.0,187.42,3947.03,7,27,287.39,9,1.0,288,1.0,1.0,Ignored
523,57,Female,63.0,146.57,6291.63,5,87,477.3,7,4.0,4,1.0,1.0,Responded
524,570,Male,49.0,52.63,4532.02,13,27,74.64,5,5.0,143,0.0,1.0,Unsubscribed
525,571,Female,41.0,92.25,7546.89,15,69,243.92,5,3.0,258,1.0,1.0,Unsubscribed
526,572,Male,31.0,130.81,9504.15,15,60,110.27,4,3.0,33,1.0,0.0,Responded
527,573,Male,49.0,190.38,8188.86,8,30,378.18,3,3.0,247,0.0,0.0,Ignored
528,574,Female,63.0,43.97,9316.32,10,49,409.65,8,3.0,114,0.0,1.0,Ignored
529,575,Male,60.0,185.22,4803.1,8,93,225.91,9,5.0,140,0.0,1.0,Unsubscribed
530,576,Female,33.0,34.59,7221.23,14,62,484.25,8,4.0,306,1.0,1.0,Unsubscribed
531,577,Male,21.0,106.53,3159.59,2,61,321.34,0,3.0,323,0.0,0.0,Unsubscribed
532,578,Female,54.0,101.83,788.91,4,16,137.23,4,2.0,262,0.0,1.0,Responded
533,579,Female,38.0,57.73,3718.19,3,92,42.31,2,4.0,144,0.0,1.0,Ignored
534,58,Male,18.0,190.87,6265.61,11,21,305.74,2,3.0,171,0.0,1.0,Ignored
535,580,Female,31.0,82.54,7009.36,8,41,351.68,5,5.0,24,1.0,0.0,Unsubscribed
536,581,Female,48.0,101.75,2818.76,3,33,299.1,9,4.0,307,1.0,1.0,Unsubscribed
537,582,Male,35.0,175.74,8627.92,8,46,178.15,2,4.0,271,1.0,1.0,Unsubscribed
538,583,Female,24.0,191.91,7928.65,4,15,371.87,5,5.0,235,1.0,0.0,Ignored
539,584,Female,27.0,113.41,2021.02,1,69,28.98,1,2.0,320,1.0,1.0,Responded
540,585,Female,24.0,176.62,3375.28,5,90,427.62,9,3.0,149,0.0,0.0,Responded
541,586,Male,50.0,129.47,8270.5,12,97,103.42,8,2.0,105,1.0,1.0,Responded
542,587,Female,40.0,82.84,2514.98,16,13,26.23,8,3.0,255,1.0,0.0,Responded
543,588,Male,38.0,54.95,3382.86,10,45,447.04,3,5.0,52,0.0,1.0,Unsubscribed
544,589,Female,36.0,94.36,3496.36,7,60,312.78,6,1.0,21,1.0,0.0,Responded
545,59,Male,62.0,144.94,8398.45,3,44,101.25,8,3.0,21,0.0,0.0,Unsubscribed
546,590,Male,36.0,114.11,8030.32,6,43,70.97,2,5.0,223,0.0,1.0,Unsubscribed
547,591,Male,53.0,28.0,466.6,2,64,317.52,5,4.0,317,1.0,0.0,Unsubscribed
548,592,Female,46.0,46.25,830.49,6,53,445.63,8,3.0,52,1.0,0.0,Ignored
549,593,Male,35.0,128.03,5826.67,17,14,296.68,2,5.0,322,1.0,1.0,Ignored
550,594,Female,19.0,60.5,4031.41,13,53,378.02,5,2.0,215,0.0,0.0,Ignored
551,595,Female,18.0,170.72,6365.56,15,51,448.87,0,1.0,185,0.0,1.0,Unsubscribed
552,596,Female,64.0,78.85,2737.97,9,51,458.89,7,2.0,294,0.0,1.0,Responded
553,597,Male,22.0,38.87,9104.87,12,70,79.83,0,2.0,277,0.0,0.0,Unsubscribed
554,598,Male,37.0,35.04,7633.32,15,88,379.8,8,4.0,251,0.0,1.0,Ignored
555,599,Female,28.0,188.68,770.69,3,95,430.53,9,3.0,305,0.0,0.0,Unsubscribed
556,6,Female,45.0,190.43,255.19,19,85,417.78,5,4.0,130,0.0,0.0,Unsubscribed
557,60,Male,30.0,160.61,9361.38,8,8,31.44,5,4.0,108,1.0,0.0,Ignored
558,600,Female,59.0,41.24,7860.66,17,93,491.72,2,3.0,237,1.0,0.0,Ignored
559,601,Male,19.0,45.36,9698.87,12,55,433.35,4,5.0,298,0.0,1.0,Ignored
560,602,Female,20.0,175.28,9430.11,5,86,344.63,1,4.0,75,0.0,0.0,Ignored
561,603,Female,40.0,65.77,7381.29,19,84,144.56,0,5.0,229,0.0,1.0,Ignored
562,604,Female,29.0,139.87,1323.58,7,89,162.61,1,3.0,228,1.0,1.0,Unsubscribed
563,605,Male,37.0,167.01,5803.16,2,48,397.19,9,4.0,171,1.0,0.0,Ignored
564,606,Male,22.0,129.29,2913.9,5,88,213.04,9,3.0,15,1.0,0.0,Responded
565,607,Male,54.0,192.35,9705.11,8,46,426.4,4,4.0,287,0.0,0.0,Ignored
566,608,Female,55.0,147.6,7203.11,8,63,240.74,1,1.0,176,1.0,0.0,Ignored
567,609,Female,47.0,40.3,6146.58,17,11,336.2,8,1.0,193,0.0,0.0,Ignored
568,61,Male,21.0,50.41,1505.67,8,66,72.76,7,4.0,86,1.0,1.0,Responded
569,610,Female,26.0,120.51,6981.37,3,95,478.25,8,3.0,355,1.0,0.0,Responded
570,611,Male,51.0,149.27,4435.99,13,97,114.02,9,4.0,6,0.0,1.0,Unsubscribed
571,612,Female,61.0,164.35,3790.09,6,86,151.36,2,5.0,315,0.0,1.0,Ignored
572,613,Female,52.0,24.74,9364.42,13,55,230.46,1,1.0,180,1.0,1.0,Unsubscribed
573,614,Female,39.0,149.4,3386.08,14,95,395.17,6,5.0,207,0.0,0.0,Responded
574,615,Female,61.0,168.62,510.22,17,7,411.83,2,1.0,225,1.0,0.0,Unsubscribed
575,616,Male,41.0,154.43,4068.32,7,26,411.11,5,3.0,257,0.0,0.0,Ignored
576,617,Male,34.0,112.22,7924.37,16,6,170.63,3,5.0,68,0.0,0.0,Responded
577,618,Female,27.0,102.44,6519.84,1,56,53.4,1,4.0,77,0.0,1.0,Ignored
578,619,Male,47.0,118.9,9625.49,18,96,82.88,7,1.0,90,0.0,0.0,Unsubscribed
579,62,Male,18.0,87.33,2667.8,1,46,62.48,3,3.0,209,0.0,1.0,Unsubscribed
580,620,Male,63.0,146.84,1151.4,5,48,86.17,9,4.0,160,0.0,1.0,Responded
581,621,Female,40.0,186.12,9124.31,14,28,338.83,8,2.0,260,0.0,1.0,Unsubscribed
582,622,Female,49.0,131.07,3751.61,1,90,283.56,1,5.0,236,1.0,0.0,Ignored
583,623,Male,34.0,179.81,4792.63,14,34,98.7,9,1.0,328,0.0,0.0,Responded
584,624,Female,34.0,146.23,4341.97,5,92,230.9,9,4.0,349,1.0,1.0,Ignored
585,625,Male,31.0,32.3,1252.88,4,17,259.13,0,3.0,142,0.0,0.0,Unsubscribed
586,626,Female,26.0,110.15,2553.18,4,17,391.19,2,2.0,176,0.0,1.0,Unsubscribed
587,627,Male,57.0,71.57,7448.49,3,80,295.46,0,2.0,14,1.0,0.0,Unsubscribed
588,628,Female,19.0,71.33,327.77,18,95,194.82,0,4.0,143,1.0,1.0,Responded
589,629,Male,62.0,84.07,1425.49,13,35,475.21,1,5.0,219,0.0,0.0,Unsubscribed
590,63,Male,57.0,94.48,4331.87,5,31,207.3,9,4.0,251,0.0,0.0,Ignored
591,630,Male,42.0,76.65,349.58,4,60,256.26,9,3.0,189,0.0,0.0,Ignored
592,631,Male,56.0,124.15,8588.14,9,70,432.16,5,4.0,151,0.0,1.0,Unsubscribed
593,632,Female,26.0,143.05,6211.52,2,73,226.42,4,4.0,111,1.0,1.0,Unsubscribed
594,633,Male,39.0,68.37,1782.29,16,17,17.33,5,4.0,156,1.0,0.0,Responded
595,634,Male,60.0,43.36,7710.85,10,52,305.05,4,4.0,241,0.0,0.0,Ignored
596,635,Female,63.0,30.59,9671.33,9,93,403.19,9,4.0,320,0.0,1.0,Responded
597,636,Female,21.0,123.64,9352.15,11,6,149.09,2,4.0,29,0.0,1.0,Responded
598,637,Male,43.0,53.5,9223.32,13,1,356.11,5,3.0,17,1.0,0.0,Responded
599,638,Male,46.0,21.66,177.32,13,84,237.1,4,3.0,54,0.0,0.0,Unsubscribed
600,639,Female,62.0,187.0,5931.23,4,24,183.48,6,4.0,116,0.0,1.0,Unsubscribed
601,64,Male,49.0,143.55,108.94,11,13,349.08,0,2.0,65,0.0,1.0,Responded
602,640,Female,51.0,116.69,2640.66,13,31,39.46,4,3.0,150,1.0,0.0,Unsubscribed
603,641,Female,40.0,36.64,5690.01,9,39,184.28,1,1.0,91,1.0,1.0,Responded
604,642,Female,54.0,171.73,3248.5,10,41,406.3,9,1.0,106,0.0,1.0,Ignored
605,643,Female,28.0,196.98,1621.3,1,99,399.93,8,2.0,172,0.0,1.0,Unsubscribed
606,644,Male,23.0,100.75,4500.49,7,82,422.73,6,1.0,192,1.0,0.0,Ignored
607,645,Female,35.0,27.65,5001.45,9,16,401.46,6,2.0,333,1.0,0.0,Responded
608,646,Male,38.0,41.16,9898.68,5,75,385.69,7,3.0,63,1.0,0.0,Unsubscribed
609,647,Male,59.0,88.7,519.64,7,19,418.46,6,4.0,86,1.0,0.0,Responded
610,648,Male,53.0,179.39,3081.44,13,28,411.62,0,4.0,163,1.0,1.0,Unsubscribed
611,649,Female,58.0,46.65,8533.75,8,52,118.28,4,1.0,135,1.0,1.0,Responded
612,65,Male,51.0,73.26,791.16,9,70,132.59,2,3.0,137,0.0,1.0,Unsubscribed
613,650,Male,55.0,168.32,6630.99,4,43,356.56,3,3.0,341,1.0,1.0,Ignored
614,651,Male,51.0,22.7,8284.16,11,79,498.26,7,5.0,57,1.0,1.0,Ignored
615,652,Female,34.0,102.33,6636.88,18,48,81.1,9,4.0,294,0.0,1.0,Unsubscribed
616,653,Male,54.0,135.99,7619.41,18,82,370.36,9,3.0,272,0.0,1.0,Ignored
617,654,Male,42.0,30.87,4979.93,18,42,461.86,2,4.0,271,1.0,1.0,Ignored
618,655,Female,55.0,130.66,2128.29,15,4,329.35,9,1.0,355,1.0,0.0,Unsubscribed
619,656,Male,29.0,189.99,8119.04,10,26,177.58,6,5.0,282,0.0,1.0,Responded
620,657,Male,40.0,48.85,5721.42,13,89,339.34,0,4.0,106,0.0,0.0,Unsubscribed
621,658,Male,59.0,151.33,1481.1,13,96,464.61,2,3.0,142,1.0,0.0,Ignored
622,659,Female,39.0,129.64,8068.45,5,88,468.32,6,2.0,187,0.0,1.0,Ignored
623,66,Female,45.0,74.59,2342.26,13,57,198.67,8,3.0,105,0.0,1.0,Ignored
624,660,Female,38.0,53.32,9590.0,9,80,434.48,8,4.0,172,0.0,0.0,Responded
625,661,Female,44.0,21.12,3527.02,10,22,282.69,7,2.0,161,1.0,0.0,Ignored
626,662,Male,48.0,21.67,3005.77,4,61,290.2,1,3.0,83,1.0,1.0,Unsubscribed
627,663,Male,23.0,115.78,909.57,2,30,480.14,1,4.0,335,0.0,1.0,Unsubscribed
628,664,Female,44.0,189.7,6678.46,7,23,334.54,0,5.0,295,0.0,0.0,Ignored
629,665,Male,57.0,135.97,9593.72,14,25,19.91,1,1.0,319,0.0,0.0,Unsubscribed
630,666,Male,51.0,148.57,1446.33,13,68,145.74,4,1.0,169,1.0,1.0,Responded
631,667,Female,29.0,108.9,4903.08,6,10,201.35,1,3.0,223,0.0,1.0,Unsubscribed
632,668,Female,62.0,124.74,1072.56,1,39,248.53,0,5.0,296,0.0,1.0,Responded
633,669,Male,24.0,42.75,437.69,8,65,158.8,3,5.0,1,0.0,1.0,Ignored
634,67,Female,48.0,84.06,4862.91,7,22,286.46,5,5.0,261,1.0,1.0,Responded
635,670,Male,27.0,177.83,6678.56,7,80,115.07,8,1.0,162,1.0,0.0,Unsubscribed
636,671,Male,62.0,156.94,8690.1,7,15,358.19,4,2.0,181,1.0,1.0,Unsubscribed
637,672,Female,34.0,199.68,3441.95,8,70,92.89,9,3.0,217,0.0,0.0,Responded
638,673,Female,43.0,73.59,8770.08,19,82,54.64,1,5.0,209,1.0,1.0,Responded
639,674,Female,38.0,60.86,1258.83,18,59,210.92,4,4.0,265,1.0,1.0,Responded
640,675,Female,45.0,42.53,2455.81,12,68,407.16,6,3.0,97,0.0,0.0,Unsubscribed
641,676,Male,63.0,193.56,9025.91,18,84,382.53,4,1.0,194,1.0,1.0,Ignored
642,677,Female,19.0,160.56,5134.25,6,83,125.83,2,4.0,273,1.0,1.0,Ignored
643,678,Female,60.0,49.94,6121.1,19,50,140.78,7,3.0,350,0.0,0.0,Responded
644,679,Female,18.0,119.48,476.38,18,2,493.7,4,3.0,264,0.0,1.0,Unsubscribed
645,68,Male,25.0,165.85,2590.08,3,70,408.6,1,2.0,4,1.0,0.0,Unsubscribed
646,680,Female,53.0,94.48,1371.06,10,8,46.4,2,2.0,94,0.0,1.0,Responded
647,681,Female,43.0,47.27,652.33,13,9,48.54,5,4.0,166,1.0,1.0,Responded
648,682,Male,46.0,49.17,9059.51,18,32,54.42,9,1.0,130,0.0,1.0,Ignored
649,683,Male,38.0,193.42,1434.47,5,15,168.65,2,3.0,177,1.0,1.0,Ignored
650,684,Female,28.0,74.89,8511.76,1,79,384.28,9,2.0,313,1.0,0.0,Responded
651,685,Male,57.0,189.46,3575.24,4,21,446.44,6,1.0,170,1.0,0.0,Unsubscribed
652,686,Female,28.0,33.61,8025.92,13,19,466.88,5,4.0,111,1.0,1.0,Responded
653,687,Female,53.0,102.94,3713.93,16,36,133.68,8,1.0,360,1.0,0.0,Unsubscribed
654,688,Male,56.0,43.33,2750.07,6,45,235.49,8,4.0,17,1.0,1.0,Unsubscribed
655,689,Male,57.0,20.86,1027.24,8,32,55.82,7,1.0,299,0.0,0.0,Responded
656,69,Female,56.0,123.97,8779.15,12,17,307.76,6,2.0,323,1.0,0.0,Ignored
657,690,Female,52.0,119.68,2879.0,15,66,282.55,8,4.0,186,1.0,1.0,Responded
658,691,Female,51.0,40.5,4767.65,6,91,13.2,8,3.0,126,1.0,1.0,Responded
659,692,Female,64.0,149.96,8193.34,18,25,235.22,0,4.0,165,0.0,1.0,Unsubscribed
660,693,Male,41.0,145.66,4579.9,19,39,490.4,1,1.0,283,1.0,0.0,Responded
661,694,Female,39.0,51.74,9717.21,19,42,78.81,9,5.0,289,0.0,0.0,Unsubscribed
662,695,Female,22.0,189.51,5462.17,18,96,113.27,9,1.0,21,1.0,1.0,Unsubscribed
663,696,Female,50.0,149.79,346.96,2,57,146.05,7,1.0,171,0.0,0.0,Unsubscribed
664,697,Male,53.0,73.63,4212.14,11,76,434.73,8,1.0,190,0.0,1.0,Unsubscribed
665,698,Female,64.0,147.66,6920.1,18,60,446.1,5,5.0,138,0.0,1.0,Ignored
666,699,Female,37.0,151.75,2419.49,10,36,473.19,2,1.0,275,0.0,1.0,Unsubscribed
667,7,Male,46.0,172.13,3512.55,3,77,316.18,0,1.0,61,0.0,1.0,Unsubscribed
668,70,Female,43.0,33.55,3310.3,13,44,100.75,8,1.0,259,0.0,0.0,Responded
669,700,Male,36.0,81.6,7016.44,5,76,131.72,8,1.0,338,1.0,0.0,Responded
670,701,Female,52.0,87.61,5086.6,9,48,232.21,8,3.0,119,1.0,0.0,Responded
671,702,Female,60.0,84.64,354.8,19,50,197.18,7,2.0,20,0.0,1.0,Responded
672,703,Male,34.0,130.99,7766.09,6,30,301.97,3,5.0,191,1.0,0.0,Unsubscribed
673,704,Female,62.0,182.07,5647.7,8,51,155.02,6,5.0,282,1.0,1.0,Responded
674,705,Male,60.0,51.17,916.69,2,11,416.22,0,1.0,140,1.0,0.0,Unsubscribed
675,706,Male,51.0,177.54,4804.62,18,43,454.01,5,5.0,292,0.0,0.0,Responded
676,707,Female,26.0,24.98,2944.2,16,27,450.99,0,5.0,357,1.0,1.0,Unsubscribed
677,708,Female,43.0,138.86,8808.85,8,76,138.96,9,4.0,180,1.0,1.0,Ignored
678,709,Female,19.0,94.6,2920.78,17,58,247.4,1,2.0,285,1.0,1.0,Ignored
679,71,Female,51.0,34.08,9253.77,16,24,129.65,1,5.0,262,0.0,0.0,Unsubscribed
680,710,Female,26.0,162.43,9422.7,18,72,273.55,8,5.0,227,1.0,1.0,Ignored
681,711,Male,26.0,149.82,5506.71,7,97,485.26,3,2.0,95,1.0,1.0,Unsubscribed
682,712,Female,57.0,106.42,3303.78,9,92,224.58,6,5.0,93,1.0,0.0,Ignored
683,713,Male,34.0,135.9,8154.1,7,8,44.21,9,3.0,326,1.0,1.0,Ignored
684,714,Female,18.0,110.32,7004.26,3,56,325.27,4,2.0,88,0.0,1.0,Ignored
685,715,Female,42.0,166.07,4198.23,6,85,95.49,0,4.0,347,0.0,0.0,Responded
686,716,Female,60.0,105.7,6333.22,5,18,188.94,3,5.0,277,0.0,1.0,Unsubscribed
687,717,Male,57.0,114.17,7807.98,3,75,263.86,3,1.0,67,1.0,0.0,Unsubscribed
688,718,Female,59.0,65.09,8530.42,14,93,481.76,5,5.0,17,1.0,0.0,Responded
689,719,Female,42.0,128.91,8182.49,18,71,88.23,6,5.0,244,0.0,0.0,Unsubscribed
690,72,Female,20.0,86.83,9750.39,9,41,191.99,3,4.0,307,1.0,0.0,Responded
691,720,Female,56.0,74.52,1744.16,7,57,427.42,0,5.0,348,0.0,1.0,Responded
692,721,Female,52.0,123.91,8301.06,11,29,19.2,5,2.0,54,1.0,1.0,Unsubscribed
693,722,Male,20.0,50.54,680.43,14,17,33.47,4,5.0,200,1.0,1.0,Unsubscribed
694,723,Female,54.0,48.7,2081.69,16,62,244.94,9,2.0,228,0.0,1.0,Responded
695,724,Male,61.0,95.07,6266.97,16,69,290.46,0,4.0,166,0.0,1.0,Unsubscribed
696,725,Male,61.0,96.83,1235.46,4,70,102.61,2,3.0,39,1.0,0.0,Unsubscribed
697,726,Male,47.0,68.26,6073.14,16,89,100.67,4,3.0,139,1.0,1.0,Responded
698,727,Male,55.0,43.69,3148.86,8,45,362.66,5,3.0,35,1.0,1.0,Unsubscribed
699,728,Male,51.0,27.06,4351.72,9,55,161.13,1,5.0,341,0.0,0.0,Ignored
700,729,Male,29.0,24.54,3220.0,5,33,358.03,0,2.0,271,0.0,0.0,Responded
701,73,Male,29.0,157.99,4553.63,9,38,248.66,7,3.0,182,1.0,1.0,Responded
702,730,Female,36.0,68.88,794.72,18,77,263.57,7,3.0,31,1.0,0.0,Ignored
703,731,Male,54.0,103.13,5057.51,13,56,189.8,6,4.0,55,1.0,0.0,Unsubscribed
704,732,Male,61.0,150.72,9639.63,15,66,32.43,3,3.0,90,0.0,0.0,Ignored
705,733,Male,34.0,105.48,6156.66,10,13,486.53,8,5.0,167,0.0,1.0,Ignored
706,734,Female,27.0,182.73,3070.32,5,26,196.21,1,1.0,225,1.0,0.0,Unsubscribed
707,735,Female,64.0,26.34,9565.88,4,65,396.92,2,3.0,354,0.0,0.0,Unsubscribed
708,736,Male,29.0,52.52,3953.45,19,70,174.98,6,5.0,276,0.0,0.0,Responded
709,737,Female,33.0,80.93,7005.43,15,77,449.91,0,5.0,340,1.0,1.0,Unsubscribed
710,738,Male,41.0,123.95,6377.72,8,31,45.34,5,1.0,230,1.0,1.0,Ignored
711,739,Male,36.0,173.49,9533.82,5,41,147.88,4,3.0,255,1.0,0.0,Unsubscribed
712,74,Female,18.0,143.96,2348.58,14,49,443.26,0,5.0,42,0.0,0.0,Unsubscribed
713,740,Female,25.0,83.04,9154.57,9,18,267.84,0,3.0,54,0.0,0.0,Unsubscribed
714,741,Male,48.0,68.24,1565.24,17,29,310.36,5,4.0,201,1.0,0.0,Ignored
715,742,Female,38.0,31.14,948.29,8,29,325.29,8,5.0,133,1.0,1.0,Responded
716,743,Female,34.0,167.83,8115.46,14,12,202.03,6,3.0,166,1.0,0.0,Responded
717,744,Male,40.0,88.34,9058.94,12,94,317.56,2,3.0,359,0.0,1.0,Ignored
718,745,Male,54.0,122.88,4980.44,9,66,434.45,2,2.0,90,0.0,1.0,Responded
719,746,Female,33.0,197.04,6938.54,16,1,420.66,3,1.0,247,1.0,0.0,Ignored
720,747,Male,23.0,20.29,790.9,1,51,133.62,6,4.0,38,0.0,1.0,Responded
721,748,Male,25.0,46.18,2276.06,1,28,30.38,2,1.0,317,1.0,1.0,Unsubscribed
722,749,Male,42.0,160.24,1578.82,10,57,127.43,2,2.0,231,1.0,0.0,Unsubscribed
723,75,Male,61.0,147.44,2987.49,1,40,130.87,2,1.0,138,0.0,0.0,Responded
724,750,Female,35.0,164.92,6051.49,12,80,411.56,7,2.0,117,0.0,0.0,Ignored
725,751,Female,42.0,158.46,2055.64,3,53,332.87,8,2.0,280,0.0,0.0,Unsubscribed
726,752,Male,29.0,116.66,692.48,1,17,71.01,6,3.0,122,1.0,1.0,Responded
727,753,Female,32.0,196.19,3091.85,8,91,90.5,0,1.0,334,0.0,1.0,Responded
728,754,Female,43.0,91.31,6804.4,16,78,139.92,8,1.0,161,1.0,0.0,Responded
729,755,Female,58.0,128.35,5820.85,6,26,428.6,0,5.0,21,0.0,0.0,Responded
730,756,Female,62.0,31.41,3374.18,11,24,205.0,8,3.0,285,0.0,1.0,Unsubscribed
731,757,Female,43.0,93.77,8351.44,14,61,176.43,0,4.0,114,1.0,0.0,Responded
732,758,Male,64.0,150.05,2835.06,13,72,120.57,9,4.0,244,0.0,1.0,Responded
733,759,Male,49.0,62.97,2679.42,4,20,340.22,9,5.0,65,0.0,0.0,Responded
734,76,Female,22.0,158.1,7785.7,1,39,464.56,0,1.0,267,1.0,0.0,Unsubscribed
735,760,Male,27.0,189.89,5643.48,2,66,484.34,4,2.0,338,0.0,0.0,Unsubscribed
736,761,Female,33.0,143.62,4834.33,3,63,48.88,7,3.0,81,1.0,0.0,Responded
737,762,Female,24.0,71.76,4515.13,7,41,256.34,7,1.0,214,1.0,1.0,Responded
738,763,Male,34.0,158.42,1642.28,18,69,452.25,7,5.0,330,0.0,1.0,Unsubscribed
739,764,Female,40.0,34.97,5096.0,14,16,141.11,0,1.0,117,0.0,1.0,Responded
740,765,Male,43.0,195.46,2664.29,10,22,176.13,3,1.0,108,1.0,1.0,Unsubscribed
741,766,Male,38.0,28.87,3982.58,10,20,251.79,2,1.0,323,1.0,0.0,Responded
742,767,Male,39.0,188.02,7362.35,6,29,78.66,4,2.0,130,0.0,0.0,Ignored
743,768,Female,24.0,65.51,9374.94,15,98,403.85,5,4.0,130,0.0,0.0,Responded
744,769,Female,31.0,156.41,7761.24,16,11,133.39,5,2.0,360,1.0,1.0,Responded
745,77,Female,47.0,71.69,2806.16,16,44,388.99,5,2.0,284,1.0,0.0,Unsubscribed
746,770,Male,32.0,20.01,4115.78,8,25,38.82,2,2.0,215,0.0,1.0,Responded
747,771,Male,24.0,65.76,5971.03,5,26,335.73,4,4.0,127,0.0,1.0,Responded
748,772,Male,26.0,154.84,7490.33,4,54,277.2,8,4.0,331,0.0,1.0,Ignored
749,773,Male,25.0,115.82,4200.79,8,8,465.52,0,5.0,133,0.0,1.0,Ignored
750,774,Female,40.0,40.69,3666.46,10,21,393.49,0,2.0,46,1.0,0.0,Unsubscribed
751,775,Female,46.0,90.85,1438.91,10,88,27.65,1,3.0,312,1.0,1.0,Unsubscribed
752,776,Male,35.0,87.6,7388.98,8,63,269.6,4,1.0,88,1.0,1.0,Unsubscribed
753,777,Male,48.0,122.27,8401.24,12,63,435.24,9,3.0,64,1.0,1.0,Ignored
754,778,Female,47.0,140.24,3234.19,7,79,18.98,1,3.0,113,0.0,1.0,Ignored
755,779,Female,56.0,171.35,7856.73,14,16,193.0,3,3.0,329,1.0,1.0,Unsubscribed
756,78,Female,47.0,118.69,3867.77,18,49,166.56,4,3.0,104,1.0,1.0,Unsubscribed
757,780,Male,52.0,109.5,6141.11,3,5,418.21,8,4.0,291,1.0,1.0,Unsubscribed
758,781,Male,35.0,90.56,7862.42,8,95,132.17,8,5.0,302,0.0,1.0,Ignored
759,782,Male,59.0,45.92,4172.24,4,97,15.97,3,2.0,164,1.0,0.0,Responded
760,783,Female,56.0,164.87,7501.01,13,86,176.88,5,4.0,187,0.0,0.0,Unsubscribed
761,784,Female,34.0,148.41,4144.24,1,2,26.95,8,5.0,189,1.0,0.0,Unsubscribed
762,785,Female,31.0,93.56,978.7,6,51,458.69,2,5.0,183,1.0,0.0,Unsubscribed
763,786,Male,48.0,113.32,5550.73,1,24,427.86,3,5.0,24,1.0,1.0,Responded
764,787,Male,41.0,139.73,4597.85,4,65,216.74,8,5.0,356,1.0,0.0,Ignored
765,788,Female,52.0,49.67,2603.51,11,15,209.83,0,1.0,121,0.0,1.0,Responded
766,789,Female,61.0,24.9,8931.92,18,92,489.92,5,1.0,93,1.0,0.0,Responded
767,79,Male,34.0,117.8,4837.9,13,1,483.73,5,1.0,162,0.0,1.0,Ignored
768,790,Male,62.0,77.15,3890.25,17,78,249.74,8,4.0,37,0.0,1.0,Responded
769,791,Female,51.0,127.21,487.35,9,38,223.98,0,2.0,91,1.0,1.0,Ignored
770,792,Female,20.0,107.59,3883.14,19,53,206.23,0,2.0,149,0.0,0.0,Ignored
771,793,Male,54.0,144.66,4302.65,16,99,165.67,0,4.0,216,0.0,0.0,Responded
772,794,Female,60.0,167.54,8630.21,11,77,178.18,5,2.0,254,1.0,1.0,Responded
773,795,Male,57.0,107.92,8011.91,6,3,227.75,5,4.0,323,1.0,1.0,Ignored
774,796,Male,43.0,44.17,2079.67,14,98,462.53,9,2.0,203,1.0,0.0,Unsubscribed
775,797,Male,40.0,173.11,8406.39,4,79,440.15,7,3.0,126,0.0,1.0,Ignored
776,798,Male,61.0,123.5,2554.48,5,18,383.76,7,1.0,242,0.0,1.0,Responded
777,799,Male,56.0,153.19,3485.15,4,45,394.05,8,4.0,292,1.0,1.0,Ignored
778,8,Male,30.0,88.9,7270.9,4,87,63.61,3,3.0,224,0.0,0.0,Ignored
779,80,Female,64.0,153.13,5793.6,17,10,190.7,6,4.0,85,0.0,1.0,Responded
780,800,Male,32.0,146.84,860.5,4,72,217.72,0,5.0,52,1.0,1.0,Responded
781,801,Male,21.0,194.28,648.03,8,28,295.58,7,2.0,275,1.0,1.0,Ignored
782,802,Female,46.0,73.16,6840.52,11,24,449.49,2,4.0,275,1.0,1.0,Unsubscribed
783,803,Male,39.0,146.96,9241.08,9,66,172.13,4,3.0,283,1.0,1.0,Unsubscribed
784,804,Male,42.0,85.82,4980.87,9,72,204.73,1,3.0,256,0.0,1.0,Ignored
785,805,Female,30.0,91.17,8456.53,18,58,139.89,6,1.0,59,1.0,1.0,Responded
786,806,Female,35.0,61.51,7958.14,18,76,32.02,7,4.0,290,1.0,0.0,Unsubscribed
787,807,Female,50.0,81.92,6680.32,6,58,17.95,9,4.0,168,0.0,1.0,Responded
788,808,Male,33.0,190.69,9784.47,17,11,143.49,2,2.0,340,1.0,1.0,Unsubscribed
789,809,Female,62.0,72.66,8041.66,4,9,471.18,6,5.0,340,0.0,1.0,Ignored
790,81,Male,40.0,192.24,9961.39,12,16,342.92,7,2.0,8,1.0,1.0,Responded
791,810,Male,59.0,64.28,2820.96,19,15,168.88,3,3.0,5,1.0,1.0,Ignored
792,811,Male,61.0,124.96,7911.24,4,94,445.4,3,5.0,204,1.0,0.0,Unsubscribed
793,812,Male,19.0,66.45,6957.35,17,96,67.88,9,3.0,102,0.0,0.0,Ignored
794,813,Male,52.0,105.21,4055.25,1,27,340.59,6,2.0,86,0.0,1.0,Ignored
795,814,Female,59.0,170.15,860.29,16,52,171.0,9,1.0,6,0.0,0.0,Ignored
796,815,Female,51.0,61.47,2222.16,3,42,447.32,9,4.0,143,1.0,0.0,Unsubscribed
797,816,Male,47.0,96.8,7992.66,12,81,351.89,1,3.0,79,1.0,1.0,Responded
798,817,Male,30.0,129.89,2560.0,19,42,177.64,5,3.0,75,0.0,1.0,Responded
799,818,Male,30.0,118.21,9978.79,1,46,248.89,4,4.0,146,0.0,0.0,Ignored
800,819,Female,35.0,195.45,6970.48,14,96,124.97,3,1.0,110,1.0,1.0,Responded
801,82,Female,32.0,70.04,2398.88,16,53,468.91,0,5.0,219,0.0,1.0,Responded
802,820,Male,49.0,142.47,4824.5,9,27,24.75,9,3.0,216,0.0,0.0,Responded
803,821,Male,49.0,153.19,5747.32,2,70,41.72,4,5.0,195,0.0,1.0,Responded
804,822,Female,52.0,194.05,6147.64,16,78,407.77,1,2.0,215,0.0,1.0,Unsubscribed
805,823,Female,56.0,94.6,9692.55,7,10,372.39,9,1.0,317,0.0,1.0,Responded
806,824,Male,63.0,83.97,1701.24,7,22,336.32,0,5.0,147,0.0,0.0,Responded
807,825,Female,46.0,27.9,2796.72,13,3,457.44,1,3.0,209,0.0,0.0,Responded
808,826,Female,46.0,53.16,7124.95,19,33,133.67,0,1.0,120,1.0,0.0,Ignored
809,827,Male,61.0,62.69,2474.59,19,69,18.85,0,4.0,49,1.0,0.0,Ignored
810,828,Female,33.0,53.03,8725.84,18,41,458.2,5,1.0,323,0.0,1.0,Ignored
811,829,Male,61.0,155.86,3530.69,6,7,493.42,9,3.0,329,1.0,0.0,Ignored
812,83,Male,54.0,162.79,3598.89,1,54,396.71,7,3.0,87,1.0,0.0,Unsubscribed
813,830,Female,64.0,116.46,1890.31,15,66,91.9,4,2.0,214,1.0,1.0,Unsubscribed
814,831,Male,27.0,140.17,571.45,3,54,334.31,5,5.0,100,1.0,1.0,Ignored
815,832,Male,47.0,167.68,5996.39,2,53,59.61,2,4.0,298,1.0,1.0,Ignored
816,833,Male,42.0,61.54,8270.29,7,63,37.1,0,1.0,80,0.0,0.0,Unsubscribed
817,834,Female,56.0,78.67,2810.55,19,64,187.7,6,2.0,180,1.0,1.0,Unsubscribed
818,835,Male,37.0,147.5,9183.64,10,77,59.29,4,2.0,117,0.0,0.0,Unsubscribed
819,836,Female,22.0,90.7,7601.57,6,59,64.48,4,5.0,87,0.0,1.0,Responded
820,837,Male,18.0,25.27,706.88,18,46,252.05,2,1.0,346,1.0,0.0,Unsubscribed
821,838,Male,47.0,98.29,5769.07,5,87,269.64,8,1.0,328,1.0,0.0,Responded
822,839,Female,20.0,183.49,5717.67,2,77,202.92,9,5.0,217,0.0,1.0,Unsubscribed
823,84,Female,38.0,138.79,2702.62,15,5,444.39,7,2.0,8,1.0,1.0,Unsubscribed
824,840,Male,62.0,93.62,2103.49,5,17,335.88,6,2.0,300,1.0,1.0,Ignored
825,841,Male,31.0,79.8,3411.99,8,68,493.48,7,1.0,16,0.0,0.0,Unsubscribed
826,842,Female,47.0,198.11,4636.96,5,87,422.51,7,4.0,240,1.0,0.0,Unsubscribed
827,843,Male,21.0,135.99,575.97,16,25,384.44,6,3.0,332,0.0,1.0,Unsubscribed
828,844,Male,35.0,85.88,1582.79,3,6,213.99,6,1.0,24,0.0,1.0,Responded
829,845,Male,54.0,38.36,1723.64,13,85,171.63,0,4.0,171,0.0,1.0,Ignored
830,846,Male,42.0,161.81,3854.43,6,11,289.94,7,2.0,90,1.0,1.0,Unsubscribed
831,847,Female,18.0,147.45,7498.84,4,61,161.04,5,5.0,97,1.0,1.0,Responded
832,848,Female,63.0,185.94,8329.91,10,90,93.27,8,4.0,232,0.0,1.0,Ignored
833,849,Male,32.0,59.11,1712.21,18,27,435.43,9,4.0,147,1.0,0.0,Unsubscribed
834,85,Male,31.0,124.44,3675.02,5,29,89.22,4,5.0,112,1.0,0.0,Unsubscribed
835,850,Female,26.0,40.69,7543.87,18,26,69.15,9,1.0,306,0.0,1.0,Unsubscribed
836,851,Male,32.0,150.33,6740.03,12,95,492.33,8,5.0,301,1.0,1.0,Responded
837,852,Female,41.0,56.61,8917.81,3,26,137.1,0,5.0,204,1.0,0.0,Responded
838,853,Male,21.0,51.7,9691.03,12,70,371.25,8,4.0,44,1.0,1.0,Unsubscribed
839,854,Male,29.0,77.57,1332.16,12,28,39.94,7,4.0,291,0.0,1.0,Ignored
840,855,Male,54.0,167.03,898.67,2,65,403.54,4,2.0,28,0.0,1.0,Responded
841,856,Male,54.0,117.12,8017.33,18,34,262.73,0,1.0,329,0.0,0.0,Ignored
842,857,Male,60.0,28.25,1705.49,2,3,484.09,0,5.0,265,1.0,0.0,Responded
843,858,Male,23.0,103.5,2026.29,2,74,251.24,7,3.0,336,1.0,0.0,Unsubscribed
844,859,Female,56.0,143.12,8832.16,8,79,391.06,5,4.0,78,0.0,1.0,Unsubscribed
845,86,Male,19.0,159.48,1097.96,19,36,325.33,8,1.0,227,1.0,1.0,Ignored
846,860,Male,63.0,116.91,9395.75,1,62,123.93,0,3.0,55,1.0,1.0,Unsubscribed
847,861,Female,41.0,123.04,3252.87,13,40,180.63,7,4.0,302,1.0,0.0,Responded
848,862,Male,28.0,60.46,8437.46,18,24,396.44,2,5.0,53,1.0,0.0,Ignored
849,863,Female,30.0,172.59,8602.68,8,53,437.66,2,1.0,126,0.0,1.0,Ignored
850,864,Female,51.0,121.05,6093.37,13,70,62.14,0,3.0,233,0.0,1.0,Responded
851,865,Female,42.0,148.38,5704.28,7,35,348.69,6,2.0,187,1.0,1.0,Responded
852,866,Male,24.0,196.74,5800.8,3,96,490.41,6,5.0,212,1.0,0.0,Ignored
853,867,Male,21.0,97.08,3082.76,10,3,473.96,7,3.0,121,0.0,0.0,Responded
854,868,Female,25.0,178.59,6226.78,19,79,188.52,2,4.0,255,1.0,0.0,Responded
855,869,Male,37.0,21.31,2511.44,13,28,156.42,1,1.0,305,1.0,1.0,Responded
856,87,Female,28.0,189.93,3662.12,18,21,49.15,8,1.0,303,1.0,0.0,Ignored
857,870,Female,46.0,26.01,1858.56,19,28,75.91,9,4.0,348,1.0,0.0,Unsubscribed
858,871,Male,62.0,126.25,4188.21,8,65,493.85,5,1.0,22,1.0,0.0,Responded
859,872,Female,63.0,76.06,7087.23,18,86,386.73,4,4.0,145,0.0,1.0,Unsubscribed
860,873,Female,27.0,64.69,6252.13,15,18,316.64,3,3.0,167,0.0,0.0,Unsubscribed
861,874,Male,60.0,70.03,9652.33,7,73,265.29,9,2.0,197,1.0,1.0,Unsubscribed
862,875,Female,51.0,77.31,6499.91,7,9,405.13,7,4.0,352,1.0,0.0,Responded
863,876,Male,43.0,151.21,1499.01,3,46,329.31,5,3.0,280,1.0,0.0,Responded
864,877,Female,58.0,122.46,1696.06,18,14,248.93,5,3.0,174,0.0,1.0,Ignored
865,878,Female,20.0,162.03,1021.36,14,21,226.41,4,4.0,228,1.0,0.0,Responded
866,879,Male,23.0,169.44,1992.62,17,22,195.51,4,2.0,18,1.0,0.0,Responded
867,88,Male,56.0,26.6,8889.86,9,7,490.18,4,2.0,240,0.0,0.0,Responded
868,880,Male,22.0,171.73,6019.71,9,88,485.23,3,1.0,109,0.0,1.0,Unsubscribed
869,881,Male,22.0,94.64,8399.04,10,2,458.25,9,3.0,290,1.0,0.0,Responded
870,882,Female,64.0,95.83,8949.29,8,39,173.6,5,3.0,25,1.0,1.0,Responded
871,883,Male,40.0,186.73,4060.43,19,57,41.79,5,3.0,335,1.0,0.0,Responded
872,884,Female,26.0,139.12,5629.97,2,76,86.21,9,3.0,229,1.0,1.0,Ignored
873,885,Female,52.0,34.48,8111.08,12,25,302.13,3,4.0,158,0.0,0.0,Unsubscribed
874,886,Male,37.0,117.59,3189.5,4,94,364.83,3,1.0,107,0.0,0.0,Ignored
875,887,Male,59.0,84.08,5997.12,3,32,432.95,3,4.0,309,1.0,1.0,Unsubscribed
876,888,Female,52.0,197.74,1823.42,1,22,455.76,6,2.0,286,0.0,0.0,Responded
877,889,Female,35.0,22.46,4817.75,15,93,468.06,9,1.0,119,1.0,0.0,Ignored
878,89,Female,55.0,46.53,3056.04,5,42,352.16,3,1.0,111,1.0,0.0,Responded
879,890,Male,34.0,130.19,1813.42,1,77,489.09,2,5.0,288,0.0,1.0,Ignored
880,891,Male,41.0,150.25,4678.02,9,93,391.7,6,2.0,68,1.0,1.0,Unsubscribed
881,892,Male,20.0,72.0,4028.51,5,66,369.27,7,4.0,119,1.0,0.0,Responded
882,893,Male,49.0,195.26,4389.32,19,96,176.8,4,3.0,141,0.0,1.0,Responded
883,894,Male,52.0,174.72,2512.75,6,55,465.16,6,4.0,228,0.0,0.0,Unsubscribed
884,895,Female,55.0,184.82,1446.83,8,11,77.34,4,4.0,149,1.0,0.0,Responded
885,896,Female,30.0,23.46,2829.09,3,93,276.98,8,4.0,39,1.0,1.0,Responded
886,897,Female,64.0,122.58,2471.84,2,49,231.51,0,2.0,306,0.0,0.0,Responded
887,898,Female,42.0,73.04,7369.53,14,22,446.24,8,5.0,301,1.0,0.0,Ignored
888,899,Male,26.0,172.83,7198.05,11,76,324.79,8,3.0,285,1.0,0.0,Responded
889,9,Male,63.0,24.46,4935.49,1,21,173.8,9,4.0,126,1.0,1.0,Responded
890,90,Female,51.0,156.13,3782.15,11,32,61.07,3,2.0,269,0.0,1.0,Unsubscribed
891,900,Male,21.0,133.91,5886.38,18,5,198.7,2,3.0,137,0.0,1.0,Ignored
892,901,Male,31.0,117.0,1004.2,7,79,55.98,6,4.0,211,0.0,1.0,Responded
893,902,Female,54.0,40.63,5705.99,1,54,151.46,3,4.0,139,0.0,0.0,Ignored
894,903,Female,51.0,117.24,884.45,8,56,258.95,6,4.0,82,1.0,1.0,Unsubscribed
895,904,Male,28.0,133.74,279.91,6,43,203.65,2,4.0,234,0.0,0.0,Ignored
896,905,Male,58.0,192.06,3590.7,11,96,475.03,4,2.0,345,1.0,1.0,Unsubscribed
897,906,Female,20.0,125.31,2481.39,10,44,302.68,2,2.0,58,0.0,0.0,Responded
898,907,Female,45.0,194.13,5987.01,2,73,356.43,5,1.0,55,1.0,1.0,Responded
899,908,Male,46.0,193.09,9293.56,1,23,301.86,0,1.0,141,1.0,1.0,Responded
900,909,Male,26.0,137.04,7226.54,4,40,208.5,5,2.0,206,1.0,0.0,Ignored
901,91,Female,55.0,35.08,9450.29,2,90,398.57,1,4.0,276,0.0,1.0,Responded
902,910,Female,20.0,111.06,7696.87,9,41,40.06,4,4.0,3,1.0,0.0,Unsubscribed
903,911,Male,42.0,103.88,9513.84,13,35,25.18,8,3.0,92,0.0,0.0,Ignored
904,912,Male,51.0,180.27,6377.5,4,36,330.33,5,2.0,29,1.0,0.0,Responded
905,913,Male,29.0,25.09,5819.54,3,53,350.47,9,2.0,277,0.0,0.0,Unsubscribed
906,914,Female,59.0,40.49,6058.49,18,96,98.15,1,1.0,193,1.0,0.0,Responded
907,915,Female,26.0,38.37,8671.47,2,60,320.45,7,5.0,41,1.0,1.0,Unsubscribed
908,916,Female,32.0,156.25,3942.18,9,37,15.3,0,3.0,233,0.0,0.0,Responded
909,917,Female,57.0,81.14,7973.83,7,50,227.84,6,3.0,235,1.0,0.0,Ignored
910,918,Female,42.0,134.83,6557.34,2,19,146.76,2,5.0,22,1.0,1.0,Responded
911,919,Female,22.0,128.68,3115.26,12,54,442.59,2,1.0,24,1.0,0.0,Responded
912,92,Female,51.0,112.9,7310.95,2,81,236.53,9,1.0,340,0.0,1.0,Unsubscribed
913,920,Female,28.0,89.45,235.52,17,14,160.98,6,3.0,82,0.0,0.0,Unsubscribed
914,921,Male,51.0,115.68,2178.21,14,55,201.49,0,1.0,158,0.0,1.0,Unsubscribed
915,922,Male,41.0,136.12,7029.89,14,64,88.4,2,1.0,227,0.0,0.0,Responded
916,923,Male,32.0,189.37,5838.93,15,58,74.03,5,4.0,156,0.0,1.0,Responded
917,924,Male,55.0,123.61,2818.49,17,48,177.47,9,5.0,167,0.0,0.0,Responded
918,925,Male,25.0,130.59,4399.59,4,12,377.38,1,5.0,247,1.0,1.0,Responded
919,926,Male,22.0,32.21,6645.37,14,86,43.31,8,4.0,10,0.0,1.0,Responded
920,927,Male,43.0,191.4,1358.15,7,65,39.16,0,1.0,315,1.0,0.0,Responded
921,928,Female,35.0,115.05,4379.57,19,42,407.43,6,1.0,254,1.0,0.0,Ignored
922,929,Female,23.0,164.23,4224.58,2,18,266.86,9,3.0,291,0.0,0.0,Unsubscribed
923,93,Female,35.0,59.57,5215.71,15,69,48.96,6,3.0,23,1.0,1.0,Responded
924,930,Male,54.0,29.05,5471.75,9,18,431.29,6,5.0,251,0.0,1.0,Unsubscribed
925,931,Male,30.0,95.76,5266.95,15,34,310.61,5,3.0,56,1.0,0.0,Responded
926,932,Female,45.0,66.26,3740.49,19,41,48.44,3,3.0,176,0.0,1.0,Unsubscribed
927,933,Male,22.0,68.06,7651.06,10,36,95.19,3,5.0,218,1.0,1.0,Responded
928,934,Male,30.0,162.46,765.57,8,35,226.62,6,3.0,150,0.0,0.0,Unsubscribed
929,935,Female,34.0,132.3,451.83,13,92,102.35,1,5.0,32,1.0,0.0,Ignored
930,936,Male,57.0,99.15,4260.57,10,33,434.17,4,1.0,12,0.0,0.0,Unsubscribed
931,937,Female,62.0,21.91,8977.27,17,25,490.55,6,1.0,142,0.0,0.0,Unsubscribed
932,938,Male,49.0,193.69,2847.94,2,10,313.28,2,2.0,181,1.0,0.0,Responded
933,939,Female,46.0,193.16,1805.86,18,92,327.92,6,3.0,16,0.0,1.0,Unsubscribed
934,94,Female,47.0,69.37,7794.21,19,14,404.14,2,1.0,335,0.0,1.0,Unsubscribed
935,940,Female,20.0,59.16,9289.26,2,46,445.68,2,3.0,21,1.0,1.0,Ignored
936,941,Female,57.0,27.44,1765.41,19,27,342.15,2,5.0,361,1.0,0.0,Unsubscribed
937,942,Male,51.0,115.44,3810.92,16,14,198.88,3,3.0,145,1.0,0.0,Unsubscribed
938,943,Female,57.0,191.25,7317.25,15,37,127.52,2,2.0,39,0.0,0.0,Unsubscribed
939,944,Male,44.0,183.87,2683.15,8,43,210.58,1,4.0,47,1.0,1.0,Ignored
940,945,Male,30.0,125.24,2375.51,7,25,483.74,0,4.0,84,0.0,1.0,Ignored
941,946,Male,62.0,74.64,4036.91,18,49,49.33,7,1.0,70,1.0,0.0,Ignored
942,947,Male,50.0,79.39,7894.91,9,52,60.44,1,2.0,275,1.0,1.0,Ignored
943,948,Female,23.0,181.62,9118.74,16,93,334.59,4,1.0,91,0.0,1.0,Responded
944,949,Female,41.0,108.52,409.8,2,32,305.97,7,5.0,232,0.0,1.0,Responded
945,95,Female,32.0,146.33,1319.48,4,34,27.27,4,3.0,325,1.0,0.0,Responded
946,950,Male,36.0,43.6,1734.57,8,33,371.28,1,4.0,97,1.0,0.0,Responded
947,951,Male,33.0,64.72,9590.15,9,45,451.45,1,5.0,44,1.0,1.0,Responded
948,952,Female,57.0,69.82,5968.63,9,91,262.13,1,2.0,169,1.0,1.0,Unsubscribed
949,953,Male,45.0,42.24,5558.96,1,9,181.65,7,1.0,58,1.0,1.0,Responded
950,954,Female,50.0,103.35,8154.08,10,18,264.97,4,1.0,75,0.0,1.0,Unsubscribed
951,955,Male,58.0,184.89,493.85,3,23,95.44,6,3.0,224,1.0,0.0,Unsubscribed
952,956,Male,30.0,140.38,236.98,1,30,451.17,5,2.0,327,0.0,1.0,Responded
953,957,Female,60.0,33.05,9678.19,11,1,344.33,8,2.0,295,0.0,0.0,Ignored
954,958,Male,62.0,20.99,8302.85,9,7,436.63,5,1.0,154,1.0,0.0,Responded
955,959,Female,42.0,69.72,7499.08,14,80,158.18,5,5.0,124,1.0,0.0,Ignored
956,96,Female,44.0,25.43,4698.45,17,18,399.71,6,2.0,207,1.0,0.0,Ignored
957,960,Male,59.0,85.28,1641.44,4,22,447.94,8,3.0,74,0.0,0.0,Unsubscribed
958,961,Male,53.0,159.81,4818.38,6,83,84.44,8,1.0,317,1.0,1.0,Unsubscribed
959,962,Male,44.0,194.06,9379.21,13,68,191.4,5,4.0,101,1.0,1.0,Unsubscribed
960,963,Female,55.0,89.76,9342.64,1,24,45.07,1,3.0,72,0.0,1.0,Responded
961,964,Male,24.0,143.6,191.55,4,59,309.44,2,3.0,148,1.0,0.0,Responded
962,965,Male,22.0,199.08,7549.66,12,12,128.77,0,1.0,262,1.0,0.0,Ignored
963,966,Male,60.0,154.22,161.75,1,55,124.79,8,4.0,263,1.0,1.0,Ignored
964,967,Male,62.0,134.51,9844.59,9,65,496.82,7,3.0,156,0.0,1.0,Ignored
965,968,Female,48.0,34.05,4227.98,15,25,127.59,8,5.0,241,1.0,0.0,Responded
966,969,Female,40.0,78.18,9737.84,4,69,261.12,6,1.0,340,1.0,1.0,Unsubscribed
967,97,Female,51.0,177.2,1270.54,6,66,291.37,9,3.0,223,0.0,0.0,Responded
968,970,Male,59.0,184.41,3740.69,1,42,312.11,5,5.0,168,0.0,0.0,Ignored
969,971,Female,27.0,56.18,3002.55,10,35,484.7,9,5.0,249,1.0,1.0,Ignored
970,972,Male,49.0,171.85,3231.29,7,67,472.46,4,1.0,333,0.0,0.0,Unsubscribed
971,973,Male,60.0,145.34,7333.72,4,9,211.51,9,5.0,224,1.0,1.0,Ignored
972,974,Male,47.0,85.94,2076.76,4,36,64.81,6,2.0,242,0.0,1.0,Unsubscribed
973,975,Female,56.0,115.25,8654.17,16,5,105.09,2,4.0,92,1.0,0.0,Responded
974,976,Female,48.0,117.71,5946.67,1,68,15.01,1,4.0,123,1.0,1.0,Unsubscribed
975,977,Female,35.0,148.53,9702.12,7,37,10.46,2,5.0,63,0.0,0.0,Unsubscribed
976,978,Female,53.0,112.98,9872.14,13,67,390.77,8,4.0,50,1.0,1.0,Unsubscribed
977,979,Female,19.0,43.95,1933.3,19,13,184.86,8,3.0,308,1.0,0.0,Unsubscribed
978,98,Female,55.0,100.01,2412.82,4,90,11.33,9,1.0,278,0.0,1.0,Responded
979,980,Female,31.0,159.22,9562.24,6,64,327.74,4,3.0,78,1.0,0.0,Unsubscribed
980,981,Female,30.0,93.13,560.73,2,90,286.0,6,4.0,270,1.0,1.0,Ignored
981,982,Female,46.0,193.36,375.85,18,25,440.83,9,2.0,65,0.0,1.0,Unsubscribed
982,983,Female,29.0,71.03,9444.26,16,34,291.91,9,2.0,333,1.0,0.0,Responded
983,984,Male,56.0,67.35,9627.73,9,48,63.97,2,1.0,148,0.0,0.0,Unsubscribed
984,985,Female,19.0,80.03,1557.75,10,49,440.93,4,1.0,184,0.0,1.0,Unsubscribed
985,986,Female,49.0,123.02,4479.92,14,45,364.16,4,3.0,76,1.0,1.0,Unsubscribed
986,987,Female,30.0,181.08,4991.52,17,57,160.7,5,4.0,317,1.0,0.0,Unsubscribed
987,988,Female,63.0,51.73,8616.78,10,10,380.14,5,5.0,202,0.0,1.0,Ignored
988,989,Female,44.0,70.34,6316.38,5,48,202.66,5,1.0,92,1.0,1.0,Responded
989,99,Female,50.0,110.43,1504.49,16,48,228.21,9,5.0,209,1.0,0.0,Ignored
990,990,Female,58.0,124.7,7768.21,8,5,431.91,7,4.0,56,0.0,1.0,Unsubscribed
991,991,Female,34.0,101.78,4902.46,6,76,252.84,3,2.0,356,1.0,1.0,Ignored
992,992,Female,57.0,100.52,6519.3,8,27,306.82,9,4.0,315,0.0,0.0,Responded
993,993,Female,48.0,167.73,7380.55,4,10,46.12,1,2.0,173,1.0,1.0,Ignored
994,994,Female,51.0,186.3,7405.02,2,90,418.46,0,1.0,124,0.0,1.0,Responded
995,995,Female,41.0,106.64,117.2,10,74,250.92,7,3.0,16,1.0,1.0,Ignored
996,996,Male,62.0,143.72,1089.09,2,29,77.75,0,2.0,88,0.0,1.0,Ignored
997,997,Male,52.0,164.19,3700.24,9,90,34.45,6,4.0,352,1.0,0.0,Responded
998,998,Female,23.0,113.31,705.85,17,69,187.37,7,1.0,172,0.0,1.0,Unsubscribed
999,999,Female,36.0,72.98,3891.6,7,31,483.8,1,5.0,55,1.0,0.0,Responded
